state_code,district_code,district_sort,district_label,candidate_count,major_party_candidate_count,total_itemized_receipts,tech_itemized_receipts,tech_itemized_donors,ie_support_total,ie_oppose_total,tech_funded_ie_support_total,tech_funded_ie_oppose_total,dem_tech_itemized_receipts,rep_tech_itemized_receipts,ie_net_support,selected_record_net_total,nonmemo_receipt_net_total,memo_receipt_net_total,memo_receipt_record_count,has_unreconciled_memo_attributions,tech_donor_candidate_pairs,tech_funded_ie_net_support,top_candidate_name,top_candidate_party,top_candidate_tech_itemized_receipts,dem_candidate_name,rep_candidate_name,other_candidate_names,pct_dem,pct_rep,party_label
AK,AL,0,AK-AL,13,5,3246292,24652,12.0,2730165,0,29002,0,3000,11550,2730165,3246292,3246292,0,82.0,True,12.0,29002,"BEGICH, NICHOLAS III",R,11550,"SCHULTZ, MATTHEW DAMIAN","BEGICH, NICHOLAS III","AMBROSE, DAVID II; HILL, BILL; SALAZAR, MELANIE A.",20.618556701030926,79.38144329896907,R
AL,01,1,AL-01,6,6,818132,3500,1.0,602799,0,15184,0,3500,0,602799,818132,666732,151400,288.0,True,1.0,15184,"JONES, CLYDE W MR. JR",D,3500,"JONES, CLYDE W MR. JR","CARL, JERRY LEE, JR",,100.0,0.0,D
AL,02,2,AL-02,8,8,1937669,12450,6.0,3362231,0,813209,0,12450,0,3362231,1937669,1667174,270495,329.0,True,6.0,813209,"FIGURES, SHOMARI C.",D,12450,"FIGURES, SHOMARI C.","MARQUES, RHETT",,100.0,0.0,D
AL,03,3,AL-03,4,4,1407832,27250,11.0,0,0,0,0,0,27250,0,1407832,1407832,0,0.0,False,11.0,0,"ROGERS, MICHAEL",R,27250,"MCINNIS, VICTOR LEE","ROGERS, MICHAEL",,0.0,100.0,R
AL,04,4,AL-04,5,4,573939,0,0.0,0,0,0,0,0,0,0,573939,566941,6998,66.0,True,0.0,0,"ADERHOLT, ROBERT B. REP.",R,0,"PUSCZEK, AMANDA NOELLE","ADERHOLT, ROBERT B. REP.","COBB, LEE JEH",,,Unknown
AL,05,5,AL-05,7,6,1312495,7000,1.0,0,0,0,0,0,7000,0,1312495,1260821,51674,163.0,True,1.0,0,"STRONG, DALE WHITNEY",R,7000,"DEVITO, JEREMY","STRONG, DALE WHITNEY",,0.0,100.0,R
AL,06,6,AL-06,8,7,529075,0,0.0,131018,0,0,0,0,0,131018,529075,518856,10219,115.0,True,0.0,0,"PALMER, GARY",R,0,"ANDERSON, ELIZABETH","PALMER, GARY","PUETZ, WILLIAM KARL MR. IV",,,Unknown
AL,07,7,AL-07,3,3,546807,56,1.0,0,0,0,0,0,56,0,546807,544307,2500,617.0,True,1.0,0,"MURPHY, MORGAN W. W.",R,56,"SEWELL, TERRI A.","MURPHY, MORGAN W. W.",,0.0,100.0,R
AR,01,1,AR-01,4,3,356755,7000,1.0,0,0,0,0,0,7000,0,356755,356755,0,0.0,False,1.0,0,"CRAWFORD, ERIC ALAN RICK",R,7000,"GREEN, TERRI YARBROUGH DR.","CRAWFORD, ERIC ALAN RICK","PARSONS, STEVE G.",0.0,100.0,R
AR,02,2,AR-02,4,4,2625414,17837,10.0,418055,0,0,0,2337,15500,418055,2625414,2624080,1334,129.0,True,10.0,0,"HILL, JAMES FRENCH",R,15500,"JONES, CHRIS","HILL, JAMES FRENCH",,13.10197903234849,86.89802096765152,R
AR,03,3,AR-03,5,3,913339,7000,1.0,0,0,0,0,0,7000,0,913339,913339,0,0.0,False,1.0,0,"WOMACK, STEPHEN A THE HON",R,7000,"LAWRENCE, DIANA LYNNE","WOMACK, STEPHEN A THE HON","HOCEVAR, CHRISTOPHER JOHN MR. II",0.0,100.0,R
AR,04,4,AR-04,3,3,810452,0,0.0,0,0,0,0,0,0,0,810452,792977,17475,39.0,True,0.0,0,"O'DONNELL, STEVEN LAYNE",D,0,"O'DONNELL, STEVEN LAYNE","WESTERMAN, BRUCE",,,,Unknown
AS,AL,0,AS-AL,2,2,20300,0,0.0,0,0,0,0,0,0,0,20300,20300,0,0.0,False,0.0,0,"AMATA, AUMUA",R,0,"KING YOUNG, SANDRA S","AMATA, AUMUA",,,,Unknown
AZ,01,1,AZ-01,23,21,9855537,58836,26.0,1358938,2796729,7457,8510,58836,0,-1437791,9855537,9806762,48775,482.0,True,26.0,-1053,"SHAH, AMISH DR.",D,38510,"SHAH, AMISH DR.","FEELY, THOMAS JAMES","AJLUNI, CHRISTOPHER; ALPONTE, MONICA MARIA",100.0,0.0,D
AZ,02,2,AZ-02,3,3,6802772,19675,15.0,79210,746562,56801,746562,12230,7445,-667352,6802772,6798467,4305,7134.0,True,15.0,-689761,"NEZ, JONATHAN MICHAEL",D,12230,"NEZ, JONATHAN MICHAEL","CRANE, ELI",,62.16010165184244,37.83989834815756,Mixed
AZ,03,3,AZ-03,5,3,1007763,7650,6.0,3385,0,0,0,7650,0,3385,1007763,1007763,0,16.0,True,6.0,0,"ANSARI, YASSAMIN",D,7650,"ANSARI, YASSAMIN",,"AVERSA, ALAN; REDKEY, DAVID WAYNE MR.",100.0,0.0,D
AZ,04,4,AZ-04,9,7,2134566,16154,7.0,422815,0,0,0,14654,1500,422815,2134566,2126266,8300,93.0,True,7.0,0,"STANTON, GREG",D,13654,"STANTON, GREG","STOVALL, ALEX NICOLAS","BURTON, PAUL; CRUM, ANDROMEDA",90.71437414881764,9.285625851182369,D
AZ,05,5,AZ-05,14,12,1020194,750,2.0,348169,0,24796,0,250,500,348169,1020194,1012694,7500,8.0,True,2.0,24796,"GRANTHAM, TRAVIS W.",R,500,"LEE, ELIZABETH","GRANTHAM, TRAVIS W.","CHIRRAVURI, BHARGAV RAMACHANDRA MX.; GRAYSON, RICHARD",33.33333333333333,66.66666666666666,Mixed
AZ,06,6,AZ-06,12,8,5036409,39913,23.0,469,16394,172,16394,29913,10000,-15925,5036409,5034409,2000,360.0,True,23.0,-16222,"MENDOZA, JOANNA",D,29663,"MENDOZA, JOANNA","CISCOMANI, JUAN","BAH, IMAN; DICKERSON, TREVOR; PETERS, JEREME LANCE",74.94550647658657,25.054493523413424,D
AZ,07,7,AZ-07,5,4,884721,75,1.0,497291,33282,481026,0,75,0,464009,884721,880571,4150,17.0,True,1.0,481026,"GRIJALVA, ADELITA",D,75,"GRIJALVA, ADELITA","BUTIEREZ, DANIEL",,100.0,0.0,D
AZ,08,8,AZ-08,6,6,416672,13600,2.0,0,0,0,0,0,13600,0,416672,413172,3500,50.0,True,2.0,0,"HAMADEH, ABRAHAM",R,13600,"BARFIELD, JILLIAN","HAMADEH, ABRAHAM",,0.0,100.0,R
AZ,09,9,AZ-09,9,9,409182,0,0.0,769,0,769,0,0,0,769,409182,409182,0,0.0,False,0.0,769,"GOSAR, PAUL DR.",R,0,"LARA, KEITH JOSEPH","GOSAR, PAUL DR.",,,,Unknown
CA,01,1,CA-01,9,8,2749313,7050,7.0,612032,0,0,0,7050,0,612032,2749313,2662419,86894,104.0,True,7.0,0,"MCGUIRE, MIKE",D,5250,"MCGUIRE, MIKE","GALLAGHER, JAMES","MINNER, RICHARD T",100.0,0.0,D
CA,02,2,CA-02,10,7,699347,4250,2.0,1330,0,0,0,750,0,1330,699347,695039,4308,9.0,True,2.0,0,"HAHN, NICOLETTE G.",,3500,"HUFFMAN, JARED","GEIST, TIMOTHY DAVID MR","BURGESS, GREGORY WARREN; HAHN, NICOLETTE G.; SMART, COLBY DR.",100.0,0.0,D
CA,03,3,CA-03,6,6,1082903,9052,9.0,971,0,771,0,9052,0,971,1082903,1060466,22437,1.0,True,9.0,771,"BERA, AMERISH",D,4150,"BERA, AMERISH","TUCKER, ROBB",,100.0,0.0,D
CA,04,4,CA-04,11,10,10378270,101750,22.0,3114545,2829235,0,0,101750,0,285310,10378270,10372770,5500,5.0,True,22.0,0,"JONES, ERIC",D,94250,"JONES, ERIC","BROWN, SHARON","TYLER, JOHN WESLEY",100.0,0.0,D
CA,05,5,CA-05,7,7,888458,740,2.0,10,0,0,0,240,500,10,888458,861762,26696,30.0,True,2.0,0,"MCCLINTOCK, THOMAS",R,500,"MASUDA, MICHAEL","MCCLINTOCK, THOMAS",,32.432432432432435,67.56756756756756,Mixed
CA,06,6,CA-06,9,8,3335585,30199,22.0,3331198,55507,2214851,0,13250,0,3275691,3335585,3283692,51893,135.0,True,22.0,2214851,"KILEY, KEVIN",,16949,"PAN, RICHARD DR.","DELUZ, CRAIG","KILEY, KEVIN",100.0,0.0,D
CA,07,7,CA-07,8,7,1646790,20753,7.0,639892,340000,210603,140000,20753,0,299892,1646790,1620929,25861,10.0,True,7.0,70603,"MATSUI, DORIS",D,18000,"MATSUI, DORIS","WOODEN, ZACHARIAH",,100.0,0.0,D
CA,08,8,CA-08,5,5,183119,0,0.0,10,0,0,0,0,0,10,183119,183119,0,0.0,False,0.0,0,"GARAMENDI, JOHN",D,0,"GARAMENDI, JOHN","RECILE, RUDY",,,,Unknown
CA,09,9,CA-09,5,5,2505433,59052,28.0,1102,4548,0,0,59052,0,-3446,2505433,2502232,3201,6.0,True,28.0,0,"HARDER, JOSH",D,59052,"HARDER, JOSH","MCBRIDE, JOHN",,100.0,0.0,D
CA,10,10,CA-10,7,7,256826,0,0.0,10,0,0,0,0,0,10,256826,256826,0,0.0,False,0.0,0,"DESAULNIER, MARK",D,0,"DESAULNIER, MARK","FRESE, JEFFREY",,,,Unknown
CA,11,11,CA-11,16,15,9456242,560763,191.0,2262493,517509,1278734,21888,560555,0,1744984,9456242,9455672,570,1.0,True,191.0,1256846,"WIENER, SCOTT",D,526485,"WIENER, SCOTT","GANEZER, DAVID L","DEER, NATHAN",100.0,0.0,D
CA,12,12,CA-12,3,3,1065210,22922,12.0,111608,0,0,0,22922,0,111608,1065210,1065210,0,0.0,False,12.0,0,"SIMON, LATEEFAH",D,22922,"SIMON, LATEEFAH",,,100.0,0.0,D
CA,13,13,CA-13,7,6,5773109,46403,24.0,55740,9981,48167,0,40695,5708,45759,5773109,5733759,39350,184.0,True,24.0,48167,"GRAY, ADAM C.",D,40695,"GRAY, ADAM C.","KRUTTIVENTI, VIN",,87.69907118074262,12.300928819257376,D
CA,14,14,CA-14,14,12,3810219,87874,54.0,3789634,599307,539103,0,87874,0,3190327,3810219,3792719,17500,199.0,True,54.0,539103,"ISRANI, RAKHI",D,36744,"ISRANI, RAKHI","HUANG, WENDY FIONA MS.","CHENAULT, SUZANNE; ZEVALLOS, VICTOR",100.0,0.0,D
CA,15,15,CA-15,7,6,337028,14301,8.0,499,0,0,0,14301,0,499,337028,329723,7305,4.0,True,8.0,0,"MULLIN, KEVIN",D,13850,"MULLIN, KEVIN","KRAMER, ANNA","GARRITY, JAMES",100.0,0.0,D
CA,16,16,CA-16,5,4,1560147,86750,32.0,10,0,0,0,86750,0,10,1560147,1496347,63800,53.0,True,32.0,0,"LICCARDO, SAM T.",D,86750,"LICCARDO, SAM T.","JOHNSON, KEVIN","STEIN, JOTHAM",100.0,0.0,D
CA,17,17,CA-17,7,6,11911352,553656,140.0,37916,37500,150,0,553406,250,416,11911352,11799087,112265,81.0,True,140.0,150,"KHANNA, ROHIT",D,505674,"KHANNA, ROHIT","TANDON, RITESH",,99.95484560810323,0.04515439189677345,D
CA,18,18,CA-18,8,7,694024,82200,19.0,109540,0,0,0,82200,0,109540,694024,694024,0,0.0,False,19.0,0,"LOFGREN, ZOE",D,82200,"LOFGREN, ZOE","KORTAM, ZAKARIA MOHAMED","DEMERS, CHRISTOPHER",100.0,0.0,D
CA,19,19,CA-19,7,5,1306827,19735,8.0,599545,0,0,0,15000,0,599545,1306827,1298084,8743,12.0,True,8.0,0,"PANETTA, JIMMY",D,15000,"PANETTA, JIMMY","GAFARI, TUKA MR.","ACEVEDO-CABRERA, ANA LUZ; DOUGHERTY, SEAN JACOB",100.0,0.0,D
CA,20,20,CA-20,7,5,790285,7000,1.0,0,0,0,0,0,7000,0,790285,786785,3500,2.0,True,1.0,0,"FONG, VINCE",R,7000,"ROBB, PATRICK","FONG, VINCE","DEWELL, BEN; FOX, JEREMY CHARLES",0.0,100.0,R
CA,21,21,CA-21,7,6,1015169,0,0.0,400,4548,0,0,0,0,-4148,1015169,961774,53395,78.0,True,0.0,0,"KIRKLAND, KYLE",R,0,"COSTA, JIM","KIRKLAND, KYLE","KRUSE, LANCE ALVIN",,,Unknown
CA,22,22,CA-22,4,4,3796208,63973,42.0,4745458,3302899,3328079,800143,48973,15000,1442559,3796208,3734108,62100,84.0,True,42.0,2527936,"VILLEGAS, RANDY",D,26335,"VILLEGAS, RANDY","VALADAO, DAVID",,76.5526081315555,23.4473918684445,D
CA,23,23,CA-23,9,7,725178,58286,12.0,729146,18689,468615,18689,0,58286,710457,725178,722678,2500,2.0,True,12.0,449926,"OBERNOLTE, JAY",R,58286,"HODGE, TESSA LYNN","OBERNOLTE, JAY","MATTHEWS, KAREN; OWENS, ELI C.",0.0,100.0,R
CA,24,24,CA-24,4,3,1198311,0,0.0,1039,0,0,0,0,0,1039,1198311,1183730,14581,9.0,True,0.0,0,"CARBAJAL, SALUD O.",D,0,"CARBAJAL, SALUD O.","SMITH, ROBERT BOB J","PASQUARELLA, HELENA",,,Unknown
CA,25,25,CA-25,5,4,1313794,10354,3.0,207,4548,7,0,10000,354,-4341,1313794,1305454,8340,26.0,True,3.0,7,"RUIZ, RAUL DR.",D,10000,"RUIZ, RAUL DR.","MALES, JOE","HUFFMAN, RONALD R MR.",96.58103148541628,3.418968514583736,D
CA,26,26,CA-26,13,13,1170158,8750,6.0,372465,0,6437,0,8750,0,372465,1170158,1166728,3430,10.0,True,6.0,6437,"IRWIN, JACQUI V",D,8750,"IRWIN, JACQUI V","GALLUCCI, SAMUEL",,100.0,0.0,D
CA,27,27,CA-27,5,5,2753781,54645,24.0,476463,4548,0,0,54645,0,471915,2753781,2746781,7000,6.0,True,24.0,0,"WHITESIDES, GEORGE",D,54645,"WHITESIDES, GEORGE","GIBBS, JASON",,100.0,0.0,D
CA,28,28,CA-28,4,4,507415,500,1.0,15,0,0,0,500,0,15,507415,503415,4000,3.0,True,1.0,0,"CHU, JUDY",D,500,"CHU, JUDY","VERLATO, APRIL",,100.0,0.0,D
CA,29,29,CA-29,4,4,315364,2250,2.0,10,0,0,0,2250,0,10,315364,310364,5000,4.0,True,2.0,0,"RIVAS, LUZ",D,2250,"RIVAS, LUZ","CARRANZA, MARGARITA MARIA",,100.0,0.0,D
CA,30,30,CA-30,10,9,685316,7500,2.0,10,0,0,0,7500,0,10,685316,682608,2708,7.0,True,2.0,0,"FRIEDMAN, LAURA",D,7500,"FRIEDMAN, LAURA","FEITOSA, DENNIS F.",JOHN ARMENIAN,100.0,0.0,D
CA,31,31,CA-31,3,3,298281,2000,1.0,10,0,0,0,2000,0,10,298281,298281,0,0.0,False,1.0,0,"CISNEROS, GILBERT",D,2000,"CISNEROS, GILBERT","CHING, ERIC J",,100.0,0.0,D
CA,32,32,CA-32,14,13,3927906,42275,34.0,1374919,400831,0,0,42275,0,974088,3927906,3230537,697369,135.0,True,34.0,0,"LEVINE, JAKE",D,41475,"LEVINE, JAKE","THOMPSON, LARRY",,100.0,0.0,D
CA,33,33,CA-33,6,6,1646459,21500,7.0,34,0,0,0,21500,0,34,1646459,1631159,15300,9.0,True,7.0,0,"AGUILAR, PETE",D,21500,"AGUILAR, PETE","HERMAN, THOMAS",,100.0,0.0,D
CA,34,34,CA-34,8,6,913810,12022,6.0,-24799,0,-24809,0,12022,0,-24799,913810,913810,0,0.0,False,6.0,-24809,"GOMEZ, JIMMY",D,10500,"GOMEZ, JIMMY","LEE, CALVIN","COLIN, LOREN",100.0,0.0,D
CA,35,35,CA-35,4,4,227131,0,0.0,24,0,0,0,0,0,24,227131,226131,1000,2.0,True,0.0,0,"TORRES, NORMA",D,0,"TORRES, NORMA","HORVATH, MICHAEL",,,,Unknown
CA,36,36,CA-36,7,6,965867,67000,15.0,106356,0,0,0,67000,0,106356,965867,963917,1950,2.0,True,15.0,0,"LIEU, TED",D,67000,"LIEU, TED","BRIGNANO, HOUSTON","RAGGE ANDERSON, CLAIRE",100.0,0.0,D
CA,37,37,CA-37,9,6,435866,9500,9.0,10,0,0,0,9500,0,10,435866,435866,0,0.0,False,9.0,0,"KAMLAGER-DOVE, SYDNEY",D,6000,"KAMLAGER-DOVE, SYDNEY","FEDALIZO, BALTAZAR MR.","HILL, STEVE; PARKER, JOHN THOMPSON; REY, JUAN",100.0,0.0,D
CA,38,38,CA-38,5,5,986322,0,0.0,367531,0,0,0,0,0,367531,986322,982322,4000,5.0,True,0.0,0,"SOLIS, HILDA",D,0,"SOLIS, HILDA","CASAS, PEDRO ANTONIO",,,,Unknown
CA,39,39,CA-39,2,2,351009,10500,4.0,17,0,7,0,10500,0,17,351009,351009,0,0.0,False,4.0,7,"TAKANO, MARK",D,10500,"TAKANO, MARK","MANOS, STEVE",,100.0,0.0,D
CA,40,40,CA-40,15,12,8608843,18277,28.0,2037315,5123149,51503,3203778,7367,9910,-3085834,8608843,8407524,201319,7531.0,True,28.0,-3152275,"KIM, YOUNG",R,6310,"VARET, ESTHER KIM","KIM, YOUNG","AHMED, CHRISTIAN TYLER; LINH, NINA",42.64050471725415,57.35949528274584,Mixed
CA,41,41,CA-41,12,11,1064957,500,1.0,360112,0,0,0,500,0,360112,1064957,1059057,5900,9.0,True,1.0,0,"ALEMAN, KATHERINE",D,500,"ALEMAN, KATHERINE","CLEMMONS, MITCHELL","PATEL, SHAAF MR",100.0,0.0,D
CA,42,42,CA-42,8,7,1009545,13250,7.0,10,0,0,0,13250,0,10,1009545,1006045,3500,32.0,True,7.0,0,"GARCIA, ROBERT",D,13250,"GARCIA, ROBERT","BLOM, NOAH","VERMEULEN, LARISA",100.0,0.0,D
CA,43,43,CA-43,7,7,327063,6600,1.0,12667,0,0,0,6600,0,12667,327063,327063,0,0.0,False,1.0,0,"RAHMAN, MYLA",D,6600,"RAHMAN, MYLA","JAIN, ANISH",,100.0,0.0,D
CA,44,44,CA-44,2,2,176112,0,0.0,10,0,0,0,0,0,10,176112,172612,3500,2.0,True,0.0,0,"BARRAGAN, NANETTE",D,0,"BARRAGAN, NANETTE","ANGEL, GENEVIEVE",,,,Unknown
CA,45,45,CA-45,8,8,4781603,38975,23.0,6638,10747,316,0,37475,1500,-4109,4781603,4776453,5150,48.0,True,23.0,316,"TRAN, DEREK",D,37475,"TRAN, DEREK","NGUYEN, CHI CHARLIE",,96.15137908915972,3.8486209108402822,D
CA,46,46,CA-46,4,4,478113,3750,2.0,107407,0,0,0,3750,0,107407,478113,478113,0,3.0,True,2.0,0,"CORREA, LOU",D,3750,"CORREA, LOU","PAN, DAVID",,100.0,0.0,D
CA,47,47,CA-47,10,8,2813429,34040,14.0,124308,4548,15858,0,34040,0,119760,2813429,2679459,133970,68.0,True,14.0,15858,"MIN, DAVE",D,34040,"MIN, DAVE","LE ROUX, JENNY RAE","REID, DERRICK MICHAEL; TROUTMAN, ERIC J",100.0,0.0,D
CA,48,48,CA-48,24,21,5460886,38660,28.0,3257056,3603833,2114389,3487,21300,17360,-346777,5460886,5425006,35880,81.0,True,28.0,2110902,"ISSA, DARRELL",R,13860,"VON WILPERT, MARNI","ISSA, DARRELL","BUCY, MICHAEL WILLIAM; MORA, ALBERT JAMES; REYNA, LUIS FERNANDO",55.09570615623384,44.90429384376617,Mixed
CA,49,49,CA-49,5,5,2689227,29191,14.0,3520,4548,400,0,28775,416,-1028,2689227,2683727,5500,36.0,True,14.0,400,"LEVIN, MIKE",D,28775,"LEVIN, MIKE","PARKER, STAR L",,98.57490322359631,1.4250967764036861,D
CA,50,50,CA-50,11,8,329176,5600,5.0,7,0,7,0,5600,0,7,329176,327931,1245,6.0,True,5.0,7,"PETERS, SCOTT",D,5600,"PETERS, SCOTT","COHEN, STEPHEN JAY MR","JAHN, LUCINDA",100.0,0.0,D
CA,51,51,CA-51,8,6,1186055,7500,2.0,7,0,7,0,7500,0,7,1186055,1186055,0,0.0,False,2.0,7,"JACOBS, SARA",D,7500,"JACOBS, SARA",,,100.0,0.0,D
CA,52,52,CA-52,3,3,154640,0,0.0,7,0,7,0,0,0,7,154640,154640,0,0.0,False,0.0,7,"VARGAS, JUAN C.",D,0,"VARGAS, JUAN C.","BELLE, JEFFERY MR",,,,Unknown
CO,01,1,CO-01,14,11,1442162,36928,20.0,2244879,888472,311070,613472,36928,0,1356407,1442162,1445662,-3500,19.0,True,20.0,-302402,"DEGETTE, DIANA L",D,21000,"DEGETTE, DIANA L","PETERSON, CHRISTY","BLAU, SHIMON",100.0,0.0,D
CO,02,2,CO-02,5,4,1314127,15062,7.0,0,0,0,0,15062,0,0,1314127,1313882,245,1.0,True,7.0,0,"NEGUSE, JOSEPH",D,15062,"NEGUSE, JOSEPH","BLUNT, CHRISTINA LOUISE MS.",,100.0,0.0,D
CO,03,3,CO-03,9,8,2835556,1800,5.0,115789,6459,0,0,800,1000,109330,2835556,2830856,4700,66.0,True,5.0,0,"HURD, JEFFREY",R,1000,"KELLOFF, ALEXANDER GEORGE","HURD, JEFFREY","BARTON, HEATHER MS",44.44444444444444,55.55555555555556,Mixed
CO,04,4,CO-04,12,9,3638649,23694,46.0,5951,0,5890,0,16894,6800,5951,3638649,3637449,1200,65.0,True,46.0,5890,"LAUBACHER, EILEEN",D,15224,"LAUBACHER, EILEEN","BOEBERT, LAUREN","MANGERIS, DOUGLAS; VELDHUIZEN, TIMOTHY",71.30075124504094,28.69924875495906,D
CO,05,5,CO-05,14,10,3655985,11025,7.0,77,0,0,0,3775,7250,77,3655985,3636485,19500,84.0,True,7.0,0,"CRANK, JEFF",R,7250,"KILLIN, JESSICA WILLOW","CRANK, JEFF","ELWORTH, MARK; FULLER, STEVEN; MATTHEWSON, ROY; MITCHELL, CHRISTOPHER DOUGLAS",34.24036281179138,65.75963718820861,Mixed
CO,06,6,CO-06,10,8,1742170,25500,10.0,0,0,0,0,25500,0,0,1742170,1745170,-3000,8.0,True,10.0,0,"CROW, JASON",D,25500,"CROW, JASON","CLARK, JASON","QUINONEZ, EDWARDO; WITTA, SAMIR EZZELDIN DR.",100.0,0.0,D
CO,07,7,CO-07,4,3,667127,9000,4.0,0,0,0,0,9000,0,0,667127,667127,0,0.0,False,4.0,0,"PETTERSEN, BRITTANY LOUISE",D,9000,"PETTERSEN, BRITTANY LOUISE","BENNETT, TIMOTHY","KRZECZKOWSKI, JOE",100.0,0.0,D
CO,08,8,CO-08,11,11,6147552,301275,89.0,4935756,2853832,2983407,1585189,296775,4500,2081924,6147552,6138952,8600,115.0,True,89.0,1398218,"RUTINEL, MANNY",D,288000,"RUTINEL, MANNY","EVANS, TIMOTHY GABRIEL JOSEPH",,98.50634802091113,1.4936519790888723,D
CT,01,1,CT-01,11,11,4436720,10151,10.0,954317,56656,756091,0,10151,0,897661,4436720,4431720,5000,5.0,True,10.0,756091,"BRONIN, LUKE",D,6151,"BRONIN, LUKE","CHAI, AMY FOGELSTROM DR",,100.0,0.0,D
CT,02,2,CT-02,6,6,345349,3500,1.0,10,0,0,0,3500,0,10,345349,345349,0,4.0,True,1.0,0,"COURTNEY, JOSEPH",D,3500,"COURTNEY, JOSEPH","FRANCE, MIKE",,100.0,0.0,D
CT,03,3,CT-03,5,4,479902,250,1.0,10,0,0,0,250,0,10,479902,476602,3300,33.0,True,1.0,0,"DELAURO, ROSA L",D,250,"DELAURO, ROSA L","IRIZARRY, RAFAEL","RICE, ANDREW JAMES MR.",100.0,0.0,D
CT,04,4,CT-04,8,7,388162,15500,3.0,10,0,0,0,15500,0,10,388162,388162,0,6.0,True,3.0,0,"HIMES, JIM",D,15500,"HIMES, JIM","FLYNN, JOHN J",,100.0,0.0,D
CT,05,5,CT-05,7,7,713771,4750,5.0,140,0,0,0,4750,0,140,713771,711871,1900,48.0,True,5.0,0,"HAYES, JAHANA",D,4750,"HAYES, JAHANA","SHEA, CHRIS",,100.0,0.0,D
DC,AL,0,DC-AL,24,22,6690131,62036,34.0,307550,0,40000,0,62036,0,307550,6690131,6677831,12300,48.0,True,34.0,40000,"ZALESNE, KINNEY",D,49300,"ZALESNE, KINNEY","RANDOLPH, SYLVIA","EDEN, ARTEMUS; FREEMAN, KYMONE",100.0,0.0,D
DE,AL,0,DE-AL,7,7,2777481,57331,41.0,20,0,0,0,57331,0,20,2777481,2777481,0,0.0,False,41.0,0,"MCBRIDE, SARAH ELIZABETH",D,57331,"MCBRIDE, SARAH ELIZABETH","MURPHY, LEE",,100.0,0.0,D
FL,01,1,FL-01,13,11,4964038,44933,79.0,2187596,47351,106653,5136,44725,208,2140245,4964038,4888403,75635,440.0,True,79.0,101517,"VALIMONT, JENNIFER GAY",D,44725,"VALIMONT, JENNIFER GAY","PATRONIS, JIMMY JR.","DAVIS, TYLER LEEANA MRS.",99.5370885540694,0.4629114459306078,D
FL,02,2,FL-02,14,14,2982476,2975,3.0,1435901,196000,0,0,1100,1875,1239901,2982476,2881486,100990,294.0,True,3.0,0,"DUNN, NEAL PATRICK MD, FACS",R,1875,"GREEN, AMANDA MARIE","DUNN, NEAL PATRICK MD, FACS",,36.97478991596639,63.02521008403361,Mixed
FL,03,3,FL-03,9,6,541038,250,1.0,30870,0,0,0,250,0,30870,541038,524188,16850,20.0,True,1.0,0,"HARP, SETH ALLAN",D,250,"HARP, SETH ALLAN","CAMMACK, KAT","KLEIN, MIKE; STEBBINS, ANTHONY",100.0,0.0,D
FL,04,4,FL-04,11,6,1505548,500,1.0,4014,0,0,0,500,0,4014,1505548,1505548,0,0.0,False,1.0,0,"KIRWAN, MICHAEL",D,500,"KIRWAN, MICHAEL","BEAN, AARON P.","FULTON-WILEY, AUGUSTUS MR. IV; SCHAEFER, TODD; SELL, MIKE; SHERARD, RONALD EDGAR MR. III; WASHINGTON, EUGENE DAFFAH SIR III",100.0,0.0,D
FL,05,5,FL-05,10,10,530372,14000,2.0,250,0,0,0,0,14000,250,530372,530372,0,0.0,False,2.0,0,"RUTHERFORD, JOHN",R,14000,"DREW, DAVID HODSON MR.","RUTHERFORD, JOHN",,0.0,100.0,R
FL,06,6,FL-06,18,13,2226749,1500,1.0,3699042,347194,94599,8720,0,1500,3351848,2226749,2207717,19032,173.0,True,1.0,85879,"FINE, RANDY",R,1500,"COOPER, ROBERT DAVID MR II","FINE, RANDY","ALCANTARA, CHRISTOPHER MANUEL; BANGDIWALA, PURVA; GIST, MICHAEL; METWALLY, AMR",0.0,100.0,R
FL,07,7,FL-07,12,11,2108566,34609,22.0,453639,280637,3639,280637,34609,0,173002,2108566,2106716,1850,10.0,True,22.0,-276998,"DALTON, BALE",D,25109,"DALTON, BALE","MILLS, CORY","DENNISON, CHRISTOPHER ALLEN",100.0,0.0,D
FL,08,8,FL-08,5,4,1080875,1250,2.0,0,0,0,0,250,1000,0,1080875,1080875,0,10.0,True,2.0,0,"HARIDOPOLOS, MIKE",R,1000,"JENKINS, JENNIFER","HARIDOPOLOS, MIKE","VILLAREAL, LACEY",20.0,80.0,R
FL,09,9,FL-09,10,9,1744747,3500,1.0,18,0,0,0,3500,0,18,1744747,1729505,15242,39.0,True,1.0,0,"SOTO, DARREN",D,3500,"SOTO, DARREN","CARTER, GREGORY MARCUS MR","FARBER, STUART DR",100.0,0.0,D
FL,10,10,FL-10,5,5,1260099,9050,7.0,10,0,0,0,9050,0,10,1260099,1260099,0,0.0,False,7.0,0,"FROST, MAXWELL ALEJANDRO",D,9050,"FROST, MAXWELL ALEJANDRO","FARBER, STUART ROSS",,100.0,0.0,D
FL,11,11,FL-11,16,15,1013100,1259,3.0,64402,0,0,0,759,500,64402,1013100,1013037,63,6.0,True,3.0,0,"PERICOLA, JAMES",D,759,"PERICOLA, JAMES","RAZACK, MD JD, NIZAM","GROVES, RALPH",60.28594122319301,39.714058776806986,Mixed
FL,12,12,FL-12,6,5,1233232,21350,8.0,0,0,0,0,6350,15000,0,1233232,1217232,16000,5.0,True,8.0,0,"BILIRAKIS, GUS M",R,15000,"MCAULEY, DARREN","BILIRAKIS, GUS M","SCRIVENER, BRANDEN",29.7423887587822,70.2576112412178,R
FL,13,13,FL-13,15,14,1896066,16835,8.0,149441,0,20474,0,9475,7360,149441,1896066,1896066,0,12.0,True,8.0,20474,"GRAY, LEELA J",D,8225,"GRAY, LEELA J","PAULINA LUNA, ANNA","D'ARRIGO, TONY C",56.28155628155628,43.718443718443716,Mixed
FL,14,14,FL-14,17,15,2037782,12000,4.0,71,0,0,0,12000,0,71,2037782,2031282,6500,10.0,True,4.0,0,"CASTOR, KATHY",D,12000,"CASTOR, KATHY","BELTRAN, MIKE","LAMBERT, BRIAN KEITH",100.0,0.0,D
FL,15,15,FL-15,6,6,463012,15000,5.0,0,0,0,0,0,15000,0,463012,460512,2500,69.0,True,5.0,0,"LEE, LAUREL",R,15000,"ENGELL, JOSE","LEE, LAUREL",,0.0,100.0,R
FL,16,16,FL-16,10,9,1606974,8041,2.0,1438649,742684,0,0,0,8041,695965,1606974,1529974,77000,197.0,True,2.0,0,"BUCHANAN, VERNON",R,7000,"SCHNEIDER, JAN","BUCHANAN, VERNON","DAVIS, MARK",0.0,100.0,R
FL,17,17,FL-17,5,3,450034,14000,2.0,0,0,0,0,0,14000,0,450034,447047,2987,7.0,True,2.0,0,"STEUBE, GREG",R,14000,"MONTAVON, MATTHEW","STEUBE, GREG","PETERSEN-SOAL, STEPHANIE JOAN; QUIRK, MICHAEL",0.0,100.0,R
FL,18,18,FL-18,7,5,386220,10500,2.0,0,0,0,0,0,10500,0,386220,382720,3500,81.0,True,2.0,0,"FRANKLIN, SCOTT MR.",R,10500,"GIBSON, CURTIS","FRANKLIN, SCOTT MR.","SIMMONS, DEVA",0.0,100.0,R
FL,19,19,FL-19,21,20,2576341,5708,3.0,2570471,1146367,308196,0,0,5708,1424104,2576341,2536398,39943,119.0,True,3.0,308196,"LAUF, CATALINA",R,3500,"ARIAS, VICTOR M.","LAUF, CATALINA","HASKIN, SETH",0.0,100.0,R
FL,20,20,FL-20,15,12,3504180,38623,26.0,59902,66500,0,0,29972,8651,-6598,3504180,3489389,14791,27.0,True,26.0,0,"WASSERMAN SCHULTZ, DEBBIE",D,18997,"WASSERMAN SCHULTZ, DEBBIE","JOSEPH, RODENAY MR.","FLEETWOOD, CLIFFORD GENE MR.; MAXIME, KEDNER; MCCLELLAN, KEVIN HARRISON",77.60142920021748,22.39857079978251,D
FL,21,21,FL-21,7,5,2509588,42664,13.0,66150,0,0,0,1400,41264,66150,2509588,2506588,3000,156.0,True,13.0,0,"MAST, BRIAN",R,41264,"MARTIN, JAMES","MAST, BRIAN","COOKE, ALEXANDER R; OTT, ROBERT DR.",3.281455090943184,96.71854490905682,R
FL,22,22,FL-22,19,18,2407492,7170,11.0,148044,358419,0,0,7170,0,-210375,2407492,2407492,0,10.0,True,11.0,0,"DANDIYA, PIA",D,7170,"DANDIYA, PIA","CARBONARA, MICHAEL","PARNAS, LEV",100.0,0.0,D
FL,23,23,FL-23,9,9,1334496,9000,3.0,10,0,0,0,9000,0,10,1334496,1333996,500,5.0,True,3.0,0,"FRANKEL, LOIS J.",D,9000,"FRANKEL, LOIS J.","ADEIMY, DEBORAH",,100.0,0.0,D
FL,24,24,FL-24,12,11,1881058,8000,3.0,956152,33264,0,0,8000,0,922888,1881058,1874808,6250,7.0,True,3.0,0,"MEEK, KENDRICK",D,4500,"MEEK, KENDRICK","BROWN, TE","DARO, ANDY",100.0,0.0,D
FL,25,25,FL-25,10,8,4690588,24150,20.0,928665,697129,746419,697129,17150,7000,231536,4690588,4637416,53172,284.0,True,20.0,49290,"LARKIN, OLIVER ADAMS",D,12650,"LARKIN, OLIVER ADAMS","SINGER, SCOTT M.","HAMILTON, MICHAELANGELO COLLINS; JASSENOFF, PETER",71.01449275362319,28.985507246376812,D
FL,26,26,FL-26,4,3,1262236,8500,2.0,0,0,0,0,0,8500,0,1262236,1262236,0,0.0,False,2.0,0,"DIAZ-BALART, MARIO",R,8500,"GIL, YURINA","DIAZ-BALART, MARIO","MEIDINGER HOSEY, DEBORAH ANN",0.0,100.0,R
FL,27,27,FL-27,7,7,2400471,5024,4.0,71252,0,0,0,5024,0,71252,2400471,2386721,13750,134.0,True,4.0,0,"LAMONDIN, RICHARD",D,3500,"LAMONDIN, RICHARD","SALAZAR, MARIA ELVIRA",,100.0,0.0,D
FL,28,28,FL-28,7,6,449945,19550,10.0,0,0,0,0,19550,0,0,449945,449445,500,13.0,True,10.0,0,"MUJICA, HECTOR DANIEL",D,19550,"MUJICA, HECTOR DANIEL","GIMENEZ, CARLOS","ROJAS, EDDY",100.0,0.0,D
GA,01,1,GA-01,17,16,2490021,3750,2.0,1856110,0,0,0,0,3750,1856110,2490021,2248963,241058,314.0,True,2.0,0,"KINGSTON, JAMES MORRIS",R,3750,"DANIELS, DEFONSIO","KINGSTON, JAMES MORRIS",,0.0,100.0,R
GA,02,2,GA-02,6,5,437517,2000,1.0,0,0,0,0,2000,0,0,437517,430214,7303,14.0,True,1.0,0,"BISHOP, SANFORD",D,2000,"BISHOP, SANFORD","DAY, MATT",,100.0,0.0,D
GA,03,3,GA-03,8,8,749035,14250,4.0,0,0,0,0,0,14250,0,749035,744026,5009,88.0,True,4.0,0,"JACK, BRIAN",R,14250,"KELLER, MAURA","JACK, BRIAN",,0.0,100.0,R
GA,04,4,GA-04,6,5,53809,0,0.0,0,0,0,0,0,0,0,53809,52564,1245,5.0,True,0.0,0,"BOOTH, TANIA JANISE",D,0,"BOOTH, TANIA JANISE","DUFFIE, JIM","POSTELL, ANSEL",,,Unknown
GA,05,5,GA-05,5,5,177952,0,0.0,0,0,0,0,0,0,0,177952,177952,0,4.0,True,0.0,0,"BEATTY, ARNETRESS",D,0,"BEATTY, ARNETRESS",,,,,Unknown
GA,06,6,GA-06,7,7,488521,800,1.0,0,0,0,0,800,0,0,488521,488521,0,0.0,False,1.0,0,"MCBATH, LUCIA KAY MS.",D,800,"MCBATH, LUCIA KAY MS.","BAPTISTE, CRYSTAL SHAUNA",,100.0,0.0,D
GA,07,7,GA-07,6,6,373302,7250,2.0,0,0,0,0,250,7000,0,373302,373302,0,38.0,True,2.0,0,"MCCORMICK, RICHARD DEAN DR.",R,7000,"KOZYCKI, ANTHONY LAWRENCE","MCCORMICK, RICHARD DEAN DR.",,3.4482758620689653,96.55172413793103,R
GA,08,8,GA-08,8,7,395111,250,1.0,0,1748,0,0,0,250,-1748,395111,379611,15500,14.0,True,1.0,0,"SCOTT, JAMES AUSTIN",R,250,"COOPER, JAMES L III","SCOTT, JAMES AUSTIN","DAVIS, ROMAN COLEY PFC",0.0,100.0,R
GA,09,9,GA-09,5,5,1337104,6600,1.0,52289,44440,51787,0,0,6600,7849,1337104,1272304,64800,41.0,True,1.0,51787,"CLYDE, ANDREW",R,6600,"ALEX, NICHOLAS FRANCIS MR.","CLYDE, ANDREW",,0.0,100.0,R
GA,10,10,GA-10,8,6,2151636,250,1.0,1498616,175042,44996,0,0,250,1323574,2151636,1954580,197056,475.0,True,1.0,44996,"GAINES, HOUSTON",R,250,"DELANCY, PAMELA MRS","GAINES, HOUSTON","JOHNSON-GREEN, TABITHA",0.0,100.0,R
GA,11,11,GA-11,19,17,1419706,1016,2.0,1032014,57564,792383,0,0,1016,974450,1419706,1332749,86957,216.0,True,2.0,792383,"PRIDEMORE, TRICIA",R,1016,"HARDEN, CHRISTOPHER MATTHEW","PRIDEMORE, TRICIA","RICHOZ, NATALIE MARIE",0.0,100.0,R
GA,12,12,GA-12,8,8,506025,0,0.0,0,0,0,0,0,0,0,506025,506025,0,0.0,False,0.0,0,"ALLEN, RICHARD W",R,0,"DIXON, ROBERT","ALLEN, RICHARD W",,,,Unknown
GA,13,13,GA-13,18,17,1745270,22550,29.0,4233701,56045,16661,0,22550,0,4177656,1745270,1732670,12600,19.0,True,29.0,16661,"BLAIR, EVERTON",D,20700,"BLAIR, EVERTON","BOURNE, PETER ALDWIN","KELLEY, ANTOINE F JR.",100.0,0.0,D
GA,14,14,GA-14,28,26,4196743,16450,18.0,2968980,509138,19557,0,5250,11200,2459842,4196743,4147753,48990,164.0,True,18.0,19557,"GREENE, MARJORIE TAYLOR",R,9700,"HARRIS, SHAWN","GREENE, MARJORIE TAYLOR","RUSZKOWSKI ( RUSH ), ROB; UNDERWOOD, ANDREW PAUL",31.914893617021278,68.08510638297872,Mixed
GU,AL,0,GU-AL,2,2,109129,0,0.0,0,0,0,0,0,0,0,109129,109129,0,0.0,False,0.0,0,"LIMTIACO, ALICIA ANNE GARRIDO",D,0,"LIMTIACO, ALICIA ANNE GARRIDO","MOYLAN, JAMES C.",,,,Unknown
HI,01,1,HI-01,9,6,1422103,10750,3.0,0,0,0,0,10750,0,0,1422103,1421603,500,3.0,True,3.0,0,"CASE, EDWARD",D,10500,"CASE, EDWARD","FRAZIER, MAXWELL","BERNING, NATHAN M.",100.0,0.0,D
HI,02,2,HI-02,2,2,636695,16500,3.0,10,0,0,0,16500,0,10,636695,636695,0,2.0,True,3.0,0,"TOKUDA, JILL NAOMI",D,16500,"TOKUDA, JILL NAOMI","AWA, BRENTON",,100.0,0.0,D
IA,01,1,IA-01,8,7,7359241,75989,36.0,289296,468117,38882,460470,65359,10630,-178821,7359241,7358491,750,321.0,True,36.0,-421588,"BOHANNAN, CHRISTINA",D,51475,"BOHANNAN, CHRISTINA","MILLER-MEEKS, MARIANNETTE JANE","BRIDGFORD, MICHAEL",86.01113319033018,13.988866809669819,D
IA,02,2,IA-02,12,11,3025184,20006,15.0,86482,452091,53202,452091,19487,0,-365609,3025184,3009684,15500,448.0,True,15.0,-398889,"JAMES, LINDSAY",D,18987,"JAMES, LINDSAY","MITCHELL, JOE","BUSHAW, DAVE",100.0,0.0,D
IA,03,3,IA-03,6,6,5075032,95476,40.0,17994,8852,11352,2393,44976,50500,9142,5075032,5068142,6890,150.0,True,40.0,8959,"NUNN, ZACH",R,50500,"TRONE GARRIOTT, SARAH","NUNN, ZACH",,47.10712639825715,52.89287360174285,Mixed
IA,04,4,IA-04,12,11,1145480,2291,3.0,172668,0,0,0,250,2041,172668,1145480,1066268,79212,199.0,True,3.0,0,"MCGOWAN, CHRIS",R,1041,"MELTON, RYAN MICHAEL APPLETON","MCGOWAN, CHRIS","DECKER, JERMAINE",10.912265386294195,89.0877346137058,R
ID,01,1,ID-01,7,5,533194,0,0.0,6326,0,6326,0,0,0,6326,533194,486459,46735,21.0,True,0.0,6326,"FULCHER, RUSSELL",R,0,"BRUNGARDT, KENNETH FRANCIS JR","FULCHER, RUSSELL","GOMEZ, BRENDAN JOSEPH; ZABEL, SARAH",,,Unknown
ID,02,2,ID-02,10,7,617045,8000,2.0,0,0,0,0,1000,7000,0,617045,617045,0,0.0,False,2.0,0,"SIMPSON, MICHAEL",R,7000,"GILBREATH, ELINOR","SIMPSON, MICHAEL","HOUSER, EMRE; HUTCHINSON, TRIPP CHARLES; JOHANSON, WILL",12.5,87.5,R
IL,01,1,IL-01,7,7,282322,300,1.0,0,0,0,0,300,0,0,282322,282322,0,0.0,False,1.0,0,"JACKSON, JONATHAN",D,300,"JACKSON, JONATHAN","KOVAKA, BRIAN DAVID",,100.0,0.0,D
IL,02,2,IL-02,14,13,3398787,8337,9.0,6375802,820218,363051,650,8337,0,5555584,3398787,3386537,12250,15.0,True,9.0,362401,"PETERS, ROBERT JAMES",D,4677,"PETERS, ROBERT JAMES","COLEMAN, CALVIN","BANKS, ASHLEY",100.0,0.0,D
IL,03,3,IL-03,4,4,877279,11982,5.0,0,0,0,0,11982,0,0,877279,872279,5000,66.0,True,5.0,0,"RAMIREZ, DELIA",D,11982,"RAMIREZ, DELIA","OAKLEY, ANGEL",,100.0,0.0,D
IL,04,4,IL-04,8,3,863028,6150,10.0,0,0,0,0,0,0,0,863028,862028,1000,1.0,True,10.0,0,"MACIAS, MAYRA",,5650,"GARCIA, JESUS","CASTILLO, LUPE","CHURCH, LINDSAY; GETTY, CHRISTOPHER ROMAN; MACIAS, MAYRA; SIGCHO LOPEZ, BYRON",,,Unknown
IL,05,5,IL-05,6,6,234450,0,0.0,10,0,0,0,0,0,10,234450,234450,0,0.0,False,0.0,0,"QUIGLEY, MIKE",D,0,"QUIGLEY, MIKE","HANSON, TOM",,,,Unknown
IL,06,6,IL-06,4,4,1402304,135,1.0,12444,0,347,0,135,0,12444,1402304,1402304,0,42.0,True,1.0,347,"CASTEN, SEAN",D,135,"CASTEN, SEAN","CONFORTI, NIKI",,100.0,0.0,D
IL,07,7,IL-07,24,21,5167239,22899,21.0,5975306,2596210,5088493,59748,22899,0,3379096,5167239,5088309,78930,188.0,True,21.0,5028745,"FISHER, THOMAS DR.",D,14751,"FISHER, THOMAS DR.","KOPPIE, CHAD","TAYLOR, JABARI L",100.0,0.0,D
IL,08,8,IL-08,14,14,7835160,61703,42.0,5683683,727223,108602,57400,61703,0,4956460,7835160,7799260,35900,206.0,True,42.0,51202,"KRISHNAMOORTHI, S. RAJA",D,29997,"KRISHNAMOORTHI, S. RAJA","DAVIS, JENNIFER",,100.0,0.0,D
IL,09,9,IL-09,28,27,10533400,124917,166.0,6569283,2612804,1056911,650,124917,0,3956479,10533400,9966771,566629,196.0,True,166.0,1056261,"ABUGHAZALEH, KATHERINE M.",D,53062,"ABUGHAZALEH, KATHERINE M.","CLEVELAND, ROCIO MRS.","BARRERA, DELILA",100.0,0.0,D
IL,10,10,IL-10,4,3,1576514,10500,3.0,11352,0,0,0,10500,0,11352,1576514,1572516,3998,55.0,True,3.0,0,"SCHNEIDER, BRADLEY S.",D,10500,"SCHNEIDER, BRADLEY S.",,"MINK, AUSTIN JAMES",100.0,0.0,D
IL,11,11,IL-11,7,5,1175148,22250,6.0,10,0,0,0,22250,0,10,1175148,1173398,1750,9.0,True,6.0,0,"FOSTER, G. WILLIAM (BILL)",D,22250,"FOSTER, G. WILLIAM (BILL)","BROWN, TEDORA M.","DURR, MATTHEW MR.; MCCASKILL, STACY",100.0,0.0,D
IL,12,12,IL-12,3,3,511201,0,0.0,10,0,0,0,0,0,10,511201,510401,800,2.0,True,0.0,0,"FORTIER, JULIE DR.",D,0,"FORTIER, JULIE DR.","BOST, MICHAEL",,,,Unknown
IL,13,13,IL-13,6,5,1719125,8750,4.0,83860,0,0,0,8750,0,83860,1719125,1716125,3000,5.0,True,4.0,0,"BUDZINSKI, NIKKI",D,8500,"BUDZINSKI, NIKKI","LOYD, JOSHUA",,100.0,0.0,D
IL,14,14,IL-14,5,5,1627165,19680,9.0,35,0,0,0,19680,0,35,1627165,1625665,1500,2.0,True,9.0,0,"UNDERWOOD, LAUREN",D,19680,"UNDERWOOD, LAUREN","DAVIS, JED",,100.0,0.0,D
IL,15,15,IL-15,6,6,553312,6600,1.0,13003,1770,9298,0,0,6600,11233,553312,552562,750,10.0,True,1.0,9298,"MILLER, MARY",R,6600,"BARNES, ANTHONY LAWRENCE","MILLER, MARY",,0.0,100.0,R
IL,16,16,IL-16,8,8,997806,13000,5.0,10,1040,0,0,0,13000,-1030,997806,983006,14800,20.0,True,5.0,0,"LAHOOD, DARIN MCKAY",R,13000,"NOLLEY, PAUL","LAHOOD, DARIN MCKAY",,0.0,100.0,R
IL,17,17,IL-17,6,5,1311107,11780,4.0,166,0,0,0,11780,0,166,1311107,1311645,-538,9.0,True,4.0,0,"SORENSEN, ERIC",D,11780,"SORENSEN, ERIC","BICKELHAUPT, JULIE",,100.0,0.0,D
IN,01,1,IN-01,7,7,1344546,4000,4.0,53,0,0,0,4000,0,53,1344546,1317117,27429,20.0,True,4.0,0,"MRVAN, FRANK J.",D,4000,"MRVAN, FRANK J.","RUIZ, DAVID BENYAMIN",,100.0,0.0,D
IN,02,2,IN-02,6,4,1695810,4500,6.0,0,0,0,0,0,4500,0,1695810,1673885,21925,1096.0,True,6.0,0,"YAKYM, RUDY C. III",R,4500,"BEEBE, ERIC J","YAKYM, RUDY C. III","HENRY, WILLIAM; HENRY, WILLIAM ERIC",0.0,100.0,R
IN,03,3,IN-03,3,2,361801,8641,3.0,13,0,13,0,0,8641,13,361801,349801,12000,30.0,True,3.0,13,"STUTZMAN, MARLIN A",R,8641,"THOMPSON, KELLY ELIZABETH","STUTZMAN, MARLIN A",,0.0,100.0,R
IN,04,4,IN-04,11,10,255264,0,0.0,537421,200000,0,0,0,0,337421,255264,229764,25500,32.0,True,0.0,0,"BAIRD, JAMES R DR.",R,0,"COX, DREW","BAIRD, JAMES R DR.","BOKASH, DAVID EUGENE (E.)",,,Unknown
IN,05,5,IN-05,9,9,1258523,5250,4.0,24000,0,0,0,4750,500,24000,1258523,1241573,16950,53.0,True,4.0,0,"FORD, JAMES (J.D.) DAVID",D,4750,"FORD, JAMES (J.D.) DAVID","SPARTZ, VICTORIA",,90.47619047619048,9.523809523809524,D
IN,06,6,IN-06,8,8,182034,0,0.0,20000,0,0,0,0,0,20000,182034,176999,5035,28.0,True,0.0,0,"BROWN, SARAH JANISSE",R,0,"ALT, RAYMOND EDWARD","BROWN, SARAH JANISSE",,,,Unknown
IN,07,7,IN-07,7,6,520270,8666,3.0,0,0,0,0,8666,0,0,520270,518520,1750,32.0,True,3.0,0,"CARSON, ANDRE",D,7166,"CARSON, ANDRE","MCAULEY, PATRICK",,100.0,0.0,D
IN,08,8,IN-08,6,5,422585,3760,2.0,0,0,0,0,260,3500,0,422585,392708,29877,44.0,True,2.0,0,"MESSMER, MARK MR.",R,3500,"ALLEN, MARY THERESA","MESSMER, MARK MR.",,6.914893617021277,93.08510638297872,R
IN,09,9,IN-09,10,8,585333,7500,3.0,0,0,0,0,0,7500,0,585333,575833,9500,43.0,True,3.0,0,"HOUCHIN, ERIN",R,7500,"DAVIDSON, JAMES LOGAN","HOUCHIN, ERIN","HUDSON, TONYA L; TAYLOR, FLOYD",0.0,100.0,R
KS,01,1,KS-01,5,3,429811,0,0.0,0,0,0,0,0,0,0,429811,428811,1000,42.0,True,0.0,0,"JACOB, STEVEN ROBERT",,0,"MCROBERTS, KENNETH COLIN","MANN, TRACEY ROBERT","JACOB, STEVEN ROBERT; MUSSER, CRAIG A",,,Unknown
KS,02,2,KS-02,5,4,1345105,10500,1.0,0,0,0,0,0,10500,0,1345105,1285303,59802,191.0,True,1.0,0,"SCHMIDT, DEREK",R,10500,"COOVER, DON","SCHMIDT, DEREK",,0.0,100.0,R
KS,03,3,KS-03,7,6,1739504,1820,4.0,0,0,0,0,1820,0,0,1739504,1739504,0,2.0,True,4.0,0,"DAVIDS, SHARICE",D,1820,"DAVIDS, SHARICE","JENKINS, ERIC","HOHE, STEVEN ADAM MR.",100.0,0.0,D
KS,04,4,KS-04,10,8,566801,5500,2.0,0,0,0,0,0,5500,0,566801,566801,0,2.0,True,2.0,0,"ESTES, RON",R,5500,"CARMICHAEL, CHRIS","ESTES, RON","CATANESE, PAUL VINCENT; CRANMER, ANDREW IRA",0.0,100.0,R
KY,01,1,KY-01,4,4,801025,6600,1.0,1,0,0,0,0,6600,1,801025,796725,4300,18.0,True,1.0,0,"COMER, JAMES",R,6600,"WILLIAMS, JOHN ANDREW","COMER, JAMES",,0.0,100.0,R
KY,02,2,KY-02,8,7,1793139,116582,29.0,80276,0,0,0,0,116582,80276,1793139,1742239,50900,56.0,True,29.0,0,"GUTHRIE, S. BRETT BRETT HON.",R,116582,"COMPTON, WILLIAM DAKOTA","GUTHRIE, S. BRETT BRETT HON.",,0.0,100.0,R
KY,03,3,KY-03,5,4,798374,2100,3.0,0,0,0,0,1100,0,0,798374,798374,0,0.0,False,3.0,0,"MCGARVEY, MORGAN",D,1100,"MCGARVEY, MORGAN","PAY, DONALD","DIALLO, OUMOU",100.0,0.0,D
KY,04,4,KY-04,12,10,8529182,74563,119.0,8984751,17138885,579316,3575106,0,74563,-8154134,8529182,8501790,27392,527.0,True,119.0,-2995790,"MASSIE, THOMAS H.",R,64712,"BREWER, JESSE RUSSELL MR.","MASSIE, THOMAS H.","TODD, JEREMY RYAN",0.0,100.0,R
KY,05,5,KY-05,10,7,637888,7000,1.0,0,0,0,0,0,7000,0,637888,630300,7588,15.0,True,1.0,0,"ROGERS, HAROLD DALLAS",R,7000,"PILLERSDORF, NED","ROGERS, HAROLD DALLAS","SERRANO, GERARDO; WEIN, MIKEL",0.0,100.0,R
KY,06,6,KY-06,15,12,8347261,10731,23.0,7788706,0,252392,0,9607,1124,7788706,8347261,8336368,10893,32.0,True,23.0,252392,"PETREY, ERIN",D,5487,"PETREY, ERIN","DOTSON, RYAN","JAY, BOWMAN J; LYNCH, PETER SHAW KELLER DR.; QUIGLEY, ROBERT ALLEN",89.52567328301183,10.474326716988164,D
LA,01,1,LA-01,7,5,1143407,34875,8.0,0,0,0,0,0,34875,0,1143407,1138870,4537,1000.0,True,8.0,0,"SCALISE, STEVE MR",R,34875,"JEWETT, LAUREN","SCALISE, STEVE MR",,0.0,100.0,R
LA,02,2,LA-02,3,2,417362,1000,2.0,0,0,0,0,1000,0,0,417362,409362,8000,6.0,True,2.0,0,"CARTER, TROY A. SR.",D,1000,"CARTER, TROY A. SR.","WILLIAMS, PETER","BALLAY, LISA",100.0,0.0,D
LA,03,3,LA-03,4,3,124477,0,0.0,770,0,770,0,0,0,770,124477,122957,1520,2.0,True,0.0,770,"HIGGINS, CLAY CAPTAIN",R,0,"DAY, JOHN DAVID","HIGGINS, CLAY CAPTAIN","LEBRUN, TIA MARIE MRS.",,,Unknown
LA,04,4,LA-04,5,5,8376927,9205,10.0,2,0,2,0,0,9205,2,8376927,8283837,93090,79293.0,True,10.0,2,"JOHNSON, JAMES MICHAEL",R,9205,"CABLE, CONRAD ROBERTS","JOHNSON, JAMES MICHAEL",,0.0,100.0,R
LA,05,5,LA-05,17,17,1724228,1000,1.0,205382,0,19365,0,0,1000,205382,1724228,1608140,116088,150.0,True,1.0,19365,"LETLOW, JULIA",R,1000,"FLEENOR, JESSEE","LETLOW, JULIA",,0.0,100.0,R
LA,06,6,LA-06,11,10,3825115,0,0.0,244839,9759,6750,0,0,0,235080,3825115,3607055,218060,841.0,True,0.0,6750,"EDMONDS, RICK",R,0,"BANKS, CHAUNA MS.","EDMONDS, RICK",,,,Unknown
MA,01,1,MA-01,7,4,821829,3950,3.0,0,0,0,0,3950,0,0,821829,821829,0,0.0,False,3.0,0,"NEAL, RICHARD E",D,3500,"NEAL, RICHARD E",,"CELATA, ANTHONY PATRICK MR.; JOHNSON, CHRISTOPHER II; MILLERON, NADIA D",100.0,0.0,D
MA,02,2,MA-02,1,1,455565,1000,1.0,10,0,0,0,1000,0,10,455565,455565,0,0.0,False,1.0,0,"MCGOVERN, JAMES P",D,1000,"MCGOVERN, JAMES P",,,100.0,0.0,D
MA,03,3,MA-03,4,3,758981,3500,1.0,0,0,0,0,3500,0,0,758981,758736,245,1.0,True,1.0,0,"TRAHAN, LORI",D,3500,"TRAHAN, LORI","GROSSI, GARY J.","ADES, KEVIN",100.0,0.0,D
MA,04,4,MA-04,7,5,2301969,54372,16.0,0,0,0,0,54372,0,0,2301969,2301969,0,2.0,True,16.0,0,"AUCHINCLOSS, JAKE",D,54372,"AUCHINCLOSS, JAKE","STALCUP, THOMAS PHD","CHASSE, STEVEN MICHAEL",100.0,0.0,D
MA,05,5,MA-05,4,3,1137778,30550,14.0,1379,0,1369,0,30550,0,1379,1137778,1135778,2000,1.0,True,14.0,1369,"CLARK, KATHERINE",D,30300,"CLARK, KATHERINE",,"FLEMING, DEREK",100.0,0.0,D
MA,06,6,MA-06,12,12,6792306,51912,48.0,438137,0,0,0,49625,2287,438137,6792306,6769631,22675,488.0,True,48.0,0,"KOH, DANIEL ARRIGG",D,21680,"KOH, DANIEL ARRIGG","JONES, MICAH Q.",,95.59446756048698,4.405532439513022,D
MA,07,7,MA-07,2,1,639530,2175,6.0,10,0,0,0,2175,0,10,639530,639530,0,0.0,False,6.0,0,"PRESSLEY, AYANNA",D,2175,"PRESSLEY, AYANNA",,"LINARDON, KELECHI",100.0,0.0,D
MA,08,8,MA-08,7,4,1515077,9850,9.0,49937,102773,49937,102773,9850,0,-52836,1515077,1515202,-125,54.0,True,9.0,-52836,"ROATH, PATRICK THOMAS",D,9850,"ROATH, PATRICK THOMAS",,"BURKE, ROBERT G.; HAMMOND, MICHAEL; WALTERS, RASHEED NICHOLAS",100.0,0.0,D
MA,09,9,MA-09,3,3,374700,1500,1.0,0,0,0,0,1500,0,0,374700,374700,0,20.0,True,1.0,0,"KEATING, WILLIAM R",D,1500,"KEATING, WILLIAM R","MACALLISTER, ROBERT TYLER",,100.0,0.0,D
MD,01,1,MD-01,6,6,1695429,750,1.0,16550,14397,16550,14397,750,0,2153,1695429,1681679,13750,145.0,True,1.0,2153,"SCHWARTZ, DANIEL",D,750,"SCHWARTZ, DANIEL","HARRIS, ANDREW P",,100.0,0.0,D
MD,02,2,MD-02,7,7,679388,875,1.0,10,0,0,0,875,0,10,679388,620129,59259,52.0,True,1.0,0,"OLSZEWSKI, JOHN ANTHONY JR.",D,875,"OLSZEWSKI, JOHN ANTHONY JR.","NNABU EZE, NNABU EZE",,100.0,0.0,D
MD,03,3,MD-03,5,5,618132,7345,7.0,1646,0,0,0,7345,0,1646,618132,618132,0,2.0,True,7.0,0,"ELFRETH, SARAH KELLY",D,7345,"ELFRETH, SARAH KELLY","FLOWERS, BERNARD",,100.0,0.0,D
MD,04,4,MD-04,8,7,347901,2060,5.0,173,0,173,0,2060,0,173,347901,347901,0,0.0,False,5.0,173,"IVEY, GLENN FREDERICK",D,1060,"IVEY, GLENN FREDERICK",,"HENNESSY, SAMUEL FRANK",100.0,0.0,D
MD,05,5,MD-05,24,21,3664234,43220,22.0,12503780,0,6584177,0,43220,0,12503780,3664234,3660734,3500,27.0,True,22.0,6584177,"BOAFO, ADRIAN",D,38700,"BOAFO, ADRIAN","TALKINGTON, MICHELLE","HALL, MILDRED MARIE; JORDAN, BRIAN STEPHEN",100.0,0.0,D
MD,06,6,MD-06,12,11,1713514,10500,3.0,520460,684,173,0,10500,0,519776,1713514,1577750,135764,27.0,True,3.0,173,"DELANEY, APRIL MCCLAIN",D,10500,"DELANEY, APRIL MCCLAIN","HYSER, CHRIS",,100.0,0.0,D
MD,07,7,MD-07,5,5,343714,0,0.0,173,0,173,0,0,0,173,343714,343714,0,0.0,False,0.0,173,"CONWAY, MARK STEVEN MR. JR.",D,0,"CONWAY, MARK STEVEN MR. JR.",,,,,Unknown
MD,08,8,MD-08,6,5,3459481,17721,23.0,4153,0,173,0,17721,0,4153,3459481,3454781,4700,7.0,True,23.0,173,"RASKIN, JAMIE",D,17721,"RASKIN, JAMIE","MPAMBARA COX, K. ANITA",,100.0,0.0,D
ME,01,1,ME-01,7,7,200537,2250,2.0,10,0,0,0,250,2000,10,200537,196537,4000,9.0,True,2.0,0,"RUSSELL, RONALD CHARLES MR.",R,2000,"ROBERTS, TIFFANY DANIELLE","RUSSELL, RONALD CHARLES MR.",,11.11111111111111,88.88888888888889,R
ME,02,2,ME-02,8,8,3074983,19711,9.0,1014211,472116,906858,0,19711,0,542095,3074983,3080055,-5072,281.0,True,9.0,906858,"GOLDEN, JARED",D,13499,"GOLDEN, JARED","LEPAGE, PAUL",,100.0,0.0,D
MI,01,1,MI-01,12,6,1190142,10500,2.0,12911,0,0,0,0,10500,12911,1190142,1173432,16710,33.0,True,2.0,0,"BERGMAN, JOHN",R,10500,"BARR, CALLIE","BERGMAN, JOHN","FEATHERLY, ZEBULON HART; KOVALY, ROBERT; LOVATO, SUSAN; SATTERLA, ARNETT",0.0,100.0,R
MI,02,2,MI-02,9,7,1068147,31500,5.0,285,0,0,0,0,31500,285,1068147,1055554,12593,225.0,True,5.0,0,"MOOLENAAR, JOHN MR.",R,31500,"AMBROSE, BENJAMIN","MOOLENAAR, JOHN MR.","MAGOON, CHARLOTTE IRENE",0.0,100.0,R
MI,03,3,MI-03,7,6,1811164,1000,2.0,143,0,0,0,1000,0,143,1811164,1794164,17000,134.0,True,2.0,0,"SCHOLTEN, HILLARY",D,1000,"SCHOLTEN, HILLARY","CUSHMAN, RYAN",,100.0,0.0,D
MI,04,4,MI-04,7,5,3561080,76833,19.0,512312,844067,0,844067,25000,51833,-331755,3561080,3540080,21000,92.0,True,19.0,-844067,"HUIZENGA, WILLIAM P",R,51833,"MCCANN, SEAN","HUIZENGA, WILLIAM P","JOHNSON, AUSTIN",32.53810211757969,67.46189788242032,Mixed
MI,05,5,MI-05,5,2,812934,1040,2.0,239,0,0,0,0,1040,239,812934,796934,16000,128.0,True,2.0,0,"WALBERG, TIMOTHY L REP",R,1040,"VUKASOVICH, CHRISTIAN A","WALBERG, TIMOTHY L REP","BRONKE, JAMES; MUSZYNSKI, RONALD A",0.0,100.0,R
MI,06,6,MI-06,10,6,318092,500,2.0,10,0,0,0,500,0,10,318092,318092,0,0.0,False,2.0,0,"DINGELL, DEBBIE",D,500,"DINGELL, DEBBIE","ISMAIL, MARK ALEXANDER","MICKEVICIUS, MICHAEL RAYMOND",100.0,0.0,D
MI,07,7,MI-07,9,7,6190234,27300,22.0,3047443,1615611,2578678,131266,27300,0,1431832,6190234,6182334,7900,263.0,True,22.0,2447412,"MAASDAM, MATTHEW",D,15800,"MAASDAM, MATTHEW","BARRETT, THOMAS MORE",,100.0,0.0,D
MI,08,8,MI-08,7,4,3461977,46678,21.0,11744,0,11352,0,46678,0,11744,3461977,3455977,6000,90.0,True,21.0,11352,"MCDONALD RIVET, KRISTEN",D,46678,"MCDONALD RIVET, KRISTEN","SMITH, THOMAS JAMES MR",,100.0,0.0,D
MI,09,9,MI-09,10,4,1744525,12500,4.0,281,0,0,0,0,12500,281,1744525,1743525,1000,570.0,True,4.0,0,"MCCLAIN, LISA",R,12500,"CLARK, WYATT BRONSON","MCCLAIN, LISA",,0.0,100.0,R
MI,10,10,MI-10,16,14,6086251,75623,54.0,661807,0,0,0,75623,0,661807,6086251,6028005,58246,493.0,True,54.0,0,"CHUNG, ERIC",D,57673,"CHUNG, ERIC","BOUCHARD, MICHAEL",,100.0,0.0,D
MI,11,11,MI-11,14,11,3245309,19320,14.0,294993,0,0,0,19320,0,294993,3245309,3229009,16300,29.0,True,14.0,0,"UFFORD, DON",D,11270,"UFFORD, DON","BAKER, ETHAN D","KUMAR, ANIL DR.",100.0,0.0,D
MI,12,12,MI-12,8,5,1514795,43563,35.0,10,0,0,0,43563,0,10,1514795,1514795,0,0.0,False,35.0,0,"TLAIB, RASHIDA",D,43563,"TLAIB, RASHIDA","HOOPER, JAMES D","SANDERS, BRENDA K.; SOSNOWSKI, MARC",100.0,0.0,D
MI,13,13,MI-13,16,12,1570932,7658,11.0,2626686,456134,436938,187444,7658,0,2170552,1570932,1569682,1250,10.0,True,11.0,249494,"THANEDAR, SHRI",D,4000,"THANEDAR, SHRI","BIVINGS, MARTELL DE'ANGELO","MORTON, MAURICE GERARD; WILCOXON, D.ETTA DR.",100.0,0.0,D
MN,01,1,MN-01,6,2,1889551,25750,17.0,2048,2005,0,806,0,1500,43,1889551,1866472,23079,80.0,True,17.0,-806,"JOHNSON, JACOB",,24250,,"FINSTAD, BRAD","EATON, ALEX; JOHNSON, JACOB; SMITH, ANDY; YOUNGERBERG, LUCAS TODD",0.0,100.0,R
MN,02,2,MN-02,10,5,3004625,7720,3.0,2301161,0,1530339,0,7000,0,2301161,3004625,2985882,18743,79.0,True,3.0,1530339,"CRAIG, ANGELA DAWN",D,7000,"CRAIG, ANGELA DAWN","KISTNER, TYLER","BERG, KAELA JO; LITTLE, MATT; MCTAVISH, HUGH; STEFANKO, MICHAEL",100.0,0.0,D
MN,03,3,MN-03,3,2,1275103,0,0.0,0,0,0,0,0,0,0,1275103,1275103,0,32.0,True,0.0,0,"BASS, TYLER MICHAEL",R,0,,"BASS, TYLER MICHAEL","MORRISON, KELLY LOUISE",,,Unknown
MN,04,4,MN-04,4,3,778900,10500,2.0,10,0,0,0,10500,0,10,778900,778900,0,0.0,False,2.0,0,"MCCOLLUM, BETTY",D,10500,"MCCOLLUM, BETTY","WIKSTROM, PAUL","RAHMAN, ASWAR",100.0,0.0,D
MN,05,5,MN-05,7,5,2316730,28645,35.0,3794,0,3736,0,0,60,3794,2316730,2313230,3500,21.0,True,35.0,3736,"OMAR, ILHAN",,28585,"LE, JULIE T","AL-AQIDI, DALIA","JACKSON, DEVELLE LAVAUGHN MR.; OMAR, ILHAN",0.0,100.0,R
MN,06,6,MN-06,8,2,2192127,34149,12.0,0,547,0,547,0,33149,-547,2192127,2173578,18549,2003.0,True,12.0,-547,"EMMER, THOMAS EARL JR.",R,33149,,"EMMER, THOMAS EARL JR.","AMBERSON, ANSON; CHAPIN, DOUG; DOSS, KELLY; GRANDY, SIERRA MARIE; WICKLUND, JEREMY; WINKELMAN, AUSTIN DANIEL",0.0,100.0,R
MN,07,7,MN-07,5,2,587304,0,0.0,0,171,0,171,0,0,-171,587304,585804,1500,4.0,True,0.0,-171,"ADAMS, JARED",,0,,"FISCHBACH, MICHELLE","ADAMS, JARED; KEELER, HEATHER; OSBERG, ERIK",,,Unknown
MN,08,8,MN-08,10,3,992599,1000,1.0,0,554,0,554,0,0,-554,992599,987599,5000,127.0,True,1.0,-554,"SWANSON, TRINA",,1000,"GULBRANSON, LUKE","HAMILTON, ANTHONY DAVID MR.","ANASTOS, EMANUEL; CRAMER, CYLE; MCBRIDE, JOHN-PAUL 2183436597; MCKENNA, CHAD; SMITH, WENDELL ROBERT; SWANSON, TRINA",,,Unknown
MO,01,1,MO-01,11,9,3657052,7150,12.0,1011927,3619702,960783,2450345,7150,0,-2607775,3657052,3652052,5000,4.0,True,12.0,-1489562,"BUSH, CORI",D,4850,"BUSH, CORI","JONES, ANDREW","PHILLIPS, XAVIER; SCHMITZ, TOM",100.0,0.0,D
MO,02,2,MO-02,12,10,2166495,31500,8.0,0,72,0,0,17500,14000,-72,2166495,2159495,7000,216.0,True,8.0,0,"WAGNER, ANN L.",R,14000,"VIVIO, NICHOLAS","WAGNER, ANN L.","KIEHNE, JOHN",55.55555555555556,44.44444444444444,Mixed
MO,03,3,MO-03,10,8,444033,1240,2.0,8,1662,8,0,990,250,-1654,444033,444033,0,82.0,True,2.0,8,"MANN, BETHANY",D,990,"MANN, BETHANY","ONDER, ROBERT FOR JR.",,79.83870967741935,20.161290322580644,D
MO,04,4,MO-04,9,8,866699,1000,2.0,1075,0,1075,0,1000,0,1075,866699,866199,500,1.0,True,2.0,1075,"GRAY, HARTZELL",D,1000,"GRAY, HARTZELL","ALFORD, MARK",,100.0,0.0,D
MO,05,5,MO-05,12,10,998508,1000,1.0,1272044,2679057,11475,0,1000,0,-1407013,998508,990008,8500,34.0,True,1.0,11475,"CLEAVER II, EMANUEL",D,1000,"CLEAVER II, EMANUEL","BRATTIN, RICHARD","BECKER, TODD WILLIAM",100.0,0.0,D
MO,06,6,MO-06,11,10,1542376,5500,2.0,101962,138219,0,0,0,5500,-36257,1542376,1531668,10708,112.0,True,2.0,0,"WILLETT, NATHAN",R,3500,"LEVINE, MATTHEW","WILLETT, NATHAN",,0.0,100.0,R
MO,07,7,MO-07,5,4,542668,6600,1.0,12895,0,12895,0,0,6600,12895,542668,542668,0,14.0,True,1.0,12895,"BURLISON, ERIC",R,6600,"HESKETH, MISSI","BURLISON, ERIC",,0.0,100.0,R
MO,08,8,MO-08,7,7,1306741,50750,11.0,0,0,0,0,0,50750,0,1306741,1305741,1000,109.0,True,11.0,0,"SMITH, JASON T",R,50750,"BARNITZ, FRANK A","SMITH, JASON T",,0.0,100.0,R
MS,01,1,MS-01,4,4,909336,7000,2.0,0,0,0,0,0,7000,0,909336,867761,41575,37.0,True,2.0,0,"KELLY, JOHN TRENT",R,7000,"BUCK, KELVIN ONEAL MR","KELLY, JOHN TRENT",,0.0,100.0,R
MS,02,2,MS-02,6,5,342543,500,1.0,979,0,0,0,500,0,979,342543,342543,0,0.0,False,1.0,0,"TURNAGE, EVAN",D,500,"TURNAGE, EVAN","ELLER, RON","FOSTER, BENNIE",100.0,0.0,D
MS,03,3,MS-03,5,3,513812,14350,9.0,0,0,0,0,1600,12750,0,513812,465710,48102,49.0,True,9.0,0,"GUEST, MICHAEL PATRICK",R,12750,"CHIARADIO, MICHAEL ALEXIS","GUEST, MICHAEL PATRICK","KIEHLE, ERIK; MCINNISH, SHAUN",11.149825783972126,88.85017421602788,R
MS,04,4,MS-04,9,6,487505,7250,2.0,0,0,0,0,0,7250,0,487505,461766,25739,76.0,True,2.0,0,"EZELL, WALTER MICHAEL",R,7250,"BLACKMAN, PAUL JAMES MR","EZELL, WALTER MICHAEL","CARL, BOYANTON LESTER",0.0,100.0,R
MT,01,1,MT-01,8,8,4160977,43628,27.0,1507923,0,239519,0,24628,19000,1507923,4160977,4156783,4194,292.0,True,27.0,239519,"ZINKE, RYAN K",R,19000,"FORSTAG, SAMUEL KELLEY","ZINKE, RYAN K",,56.44998624736408,43.55001375263593,Mixed
MT,02,2,MT-02,6,4,779548,18800,7.0,0,0,0,0,0,18800,0,779548,778548,1000,333.0,True,7.0,0,"DOWNING, TROY",R,18800,"LUX, SAM","DOWNING, TROY","EISENHAUER, MICHAEL D. DR.; MCCRACKEN, PATRICK NEAL MR.",0.0,100.0,R
NC,01,1,NC-01,8,7,3119188,27411,15.0,967262,42844,0,0,26900,511,924418,3119188,3081476,37712,120.0,True,15.0,0,"DAVIS, DON",D,26900,"DAVIS, DON","BUCKHOUT, LAURIE",,98.1357849038707,1.8642150961292914,D
NC,02,2,NC-02,5,3,915553,10562,6.0,10,0,0,0,10562,0,10,915553,915553,0,0.0,False,6.0,0,"ROSS, DEBORAH",D,10562,"ROSS, DEBORAH","DOUGLASS, EUGENE FARLEY DR.","MCGINNIS, BRIAN",100.0,0.0,D
NC,03,3,NC-03,7,6,1323399,1500,2.0,125,138137,0,138137,1500,0,-138012,1323399,1310732,12667,37.0,True,2.0,-138137,"SMITH, RAYMOND EDWARD DR. JR.",D,1000,"SMITH, RAYMOND EDWARD DR. JR.","AYERS, AUSTIN JAY",,100.0,0.0,D
NC,04,4,NC-04,5,4,899626,20250,11.0,4280256,241900,2342758,241900,20250,0,4038356,899626,898426,1200,14.0,True,11.0,2100858,"FOUSHEE, VALERIE",D,15100,"FOUSHEE, VALERIE","GANORKAR, MAHESH",,100.0,0.0,D
NC,05,5,NC-05,8,6,1298332,750,2.0,0,137980,0,137980,500,0,-137980,1298332,1298332,0,0.0,False,2.0,-137980,"HUBBARD, CHUCK",D,500,"HUBBARD, CHUCK","FOXX, VIRGINIA ANN","CLAYTON, DAVID",100.0,0.0,D
NC,06,6,NC-06,7,6,736970,0,0.0,0,0,0,0,0,0,0,736970,736125,845,5.0,True,0.0,0,"BLAIR, BEAU",D,0,"BLAIR, BEAU","MCDOWELL, ADDISON","HAGER, JOSHUA ISAAC",,,Unknown
NC,07,7,NC-07,5,3,953882,4150,3.0,508,169,0,0,4150,0,339,953882,950384,3498,3.0,True,3.0,0,"HARDY, KIMBERLY DR.",D,4150,"HARDY, KIMBERLY DR.","ROUZER, DAVID","ABU-GHAZALAH, MAAD; HENRY, MICHAEL JAMES",100.0,0.0,D
NC,08,8,NC-08,7,6,1003879,6850,2.0,13793,0,13793,0,250,6600,13793,1003879,1003879,0,64.0,True,2.0,13793,"HARRIS, MARK E",R,6600,"OPPENHEIM, JESSE","HARRIS, MARK E","WHITEHEAD, ROBERT W MR.",3.64963503649635,96.35036496350365,R
NC,09,9,NC-09,6,5,1230021,11181,6.0,6335,138427,6335,138427,2681,8500,-132092,1230021,1230021,0,36.0,True,6.0,-132092,"HUDSON, RICHARD L. JR.",R,8500,"OJEDA, RICHARD N.","HUDSON, RICHARD L. JR.","HUNTER-HEROD, TITA L MRS.",23.978177265003133,76.02182273499687,R
NC,10,10,NC-10,9,8,623978,30000,6.0,56,0,0,0,500,29500,56,623978,613478,10500,5.0,True,6.0,0,"HARRIGAN, PAT",R,29500,"YARFITZ, MIR","HARRIGAN, PAT","FELDMAN, STEVEN",1.6666666666666667,98.33333333333333,R
NC,11,11,NC-11,14,11,3152711,15523,11.0,49931,662054,49834,662054,15523,0,-612123,3152711,3150171,2540,10.0,True,11.0,-612220,"AGER, JAMIE",D,15023,"AGER, JAMIE","BALKCOM, JENNIFER","CONNORS, JONATHAN R; ROGERS, JOHN WILLIAM MR. III",100.0,0.0,D
NC,12,12,NC-12,7,6,129844,0,0.0,10,0,0,0,0,0,10,129844,129844,0,2.0,True,0.0,0,"ADAMS, ALMA SHEALEY",D,0,"ADAMS, ALMA SHEALEY","ALI, ADDUL RAHMAN ELI","RABAH, RYAN",,,Unknown
NC,13,13,NC-13,8,6,1196572,8200,4.0,0,0,0,0,1000,7200,0,1196572,1196572,0,0.0,False,4.0,0,"KNOTT, BRAD",R,7200,"BARRINGER, PAUL","KNOTT, BRAD","AGUILAR, ANTHONY BAILEY MR.",12.195121951219512,87.8048780487805,R
NC,14,14,NC-14,5,5,1135693,8500,3.0,81178,0,0,0,500,8000,81178,1135693,1135193,500,3.0,True,3.0,0,"MOORE, TIM",R,8000,"CALDWELL, BRENT","MOORE, TIM",,5.88235294117647,94.11764705882352,R
ND,AL,0,ND-AL,9,7,485967,18500,6.0,0,0,0,0,0,18500,0,485967,479467,6500,28.0,True,6.0,0,"FEDORCHAK, JULIE",R,18500,"HAMMER, TRYGVE","FEDORCHAK, JULIE","NEVILLE, HELENE",0.0,100.0,R
NE,01,1,NE-01,4,3,1510895,6538,7.0,10,0,0,0,2050,3500,10,1510895,1509895,1000,8.0,True,7.0,0,"FLOOD, MIKE",R,3500,"BACKEMEYER, CHRISTOPHER","FLOOD, MIKE","AHLMAN, AUSTIN LAWRENCE",36.93693693693694,63.06306306306306,Mixed
NE,02,2,NE-02,12,11,5396875,60665,35.0,3321752,2287806,1249632,132610,57015,3650,1033946,5396875,5262885,133990,148.0,True,35.0,1117022,"POWELL, DENISE",D,36965,"POWELL, DENISE","BACON, DONALD J",,93.98335119096679,6.016648809033215,D
NE,03,3,NE-03,6,3,476829,0,0.0,282975,0,0,0,0,0,282975,476829,474329,2500,58.0,True,0.0,0,"SMITH, ADRIAN",R,0,"STILLE, BECKY LYNN","SMITH, ADRIAN","BUDKE, MACEY; COHEN, MARK",,,Unknown
NH,01,1,NH-01,14,14,7124781,56360,45.0,1449306,0,610832,0,55840,520,1449306,7124781,7027424,97357,308.0,True,45.0,610832,"SULLIVAN, MAURA CORBY",D,43390,"SULLIVAN, MAURA CORBY","BAILEY, MELISSA",,99.07735982966643,0.9226401703335699,D
NH,02,2,NH-02,9,7,3214670,40750,17.0,0,0,0,0,40750,0,0,3214670,3207170,7500,9.0,True,17.0,0,"GOODLANDER, MAGGIE",D,40750,"GOODLANDER, MAGGIE","NICHOLSON, DANIEL STEPHEN MR","CONCEICAO, BRANDON; MAHROU, ROBBIE S",100.0,0.0,D
NJ,01,1,NJ-01,3,3,713787,3500,1.0,10,0,0,0,3500,0,10,713787,650487,63300,58.0,True,1.0,0,"NORCROSS, DONALD W",D,3500,"NORCROSS, DONALD W","GALDO, DAMON",,100.0,0.0,D
NJ,02,2,NJ-02,8,7,2260031,9314,5.0,81318,0,0,0,8950,364,81318,2260031,2217754,42277,358.0,True,5.0,0,"WINDER, BAYLY PHILIP CHRISTOPER",D,8000,"WINDER, BAYLY PHILIP CHRISTOPER","VAN DREW, JEFF MR","MORA, RAMON JR",96.09190465965214,3.9080953403478635,D
NJ,03,3,NJ-03,7,5,519143,500,1.0,10,0,0,0,500,0,10,519143,435055,84088,14.0,True,1.0,0,"CONAWAY, HERB MD",D,500,"CONAWAY, HERB MD","BARBERA, JUSTIN R.","KELLY, RYAN MICHAEL; WELZER, STEVEN",100.0,0.0,D
NJ,04,4,NJ-04,8,6,276815,0,0.0,0,0,0,0,0,0,0,276815,276815,0,0.0,False,0.0,0,"BLAKE, JOHN DAVID",D,0,"BLAKE, JOHN DAVID","SMITH, CHRISTOPHER H",,,,Unknown
NJ,05,5,NJ-05,6,5,3368605,51462,13.0,8005,0,0,0,51462,0,8005,3368605,3279355,89250,54.0,True,13.0,0,"GOTTHEIMER, JOSH",D,51462,"GOTTHEIMER, JOSH","KIRRANE, SEAN JOSEPH","RUEDA, ADAM",100.0,0.0,D
NJ,06,6,NJ-06,6,5,820744,30848,8.0,10,0,0,0,30848,0,10,820744,813395,7349,14.0,True,8.0,0,"PALLONE, FRANK JR",D,29500,"PALLONE, FRANK JR","HERZIG, HILLARY",,100.0,0.0,D
NJ,07,7,NJ-07,14,12,7795654,70000,58.0,1703553,663187,1149714,2517,66250,3750,1040366,7795654,7727414,68240,148.0,True,58.0,1147197,"BENNETT, REBECCA",D,44850,"BENNETT, REBECCA","KEAN, THOMAS H. JR.","LEGUIA, LANA; TERRY, RANDALL",94.64285714285714,5.357142857142857,D
NJ,08,8,NJ-08,5,3,1314948,6250,9.0,912511,0,0,0,6250,0,912511,1314948,1289154,25794,21.0,True,9.0,0,"ALI, MUSSAB",D,3250,"ALI, MUSSAB",,"BARILLA, RICHARD JOSEPH; HUGHEY, DA'SHONE",100.0,0.0,D
NJ,09,9,NJ-09,6,4,1419191,2750,4.0,509,0,0,0,2750,0,509,1419191,1369871,49320,61.0,True,4.0,0,"POU, NELIDA",D,2750,"POU, NELIDA","PINO, ROSEMARY","BUKOVINAC, TERRISA; SERRANO, JON CARLOS MR.",100.0,0.0,D
NJ,10,10,NJ-10,3,3,500237,15050,8.0,122,0,112,0,15050,0,122,500237,491074,9163,51.0,True,8.0,112,"MCIVER, LAMONICA",D,15050,"MCIVER, LAMONICA","BUCCO, CARMEN",,100.0,0.0,D
NJ,11,11,NJ-11,20,18,5901090,48700,45.0,3855355,2465142,408881,2326917,48700,0,1390213,5901090,5613477,287613,341.0,True,45.0,-1918036,"MALINOWSKI, TOM",D,15700,"MALINOWSKI, TOM","HATHAWAY, JOE","BOND, ALAN; MATRISCIANO, VINCENT",100.0,0.0,D
NJ,12,12,NJ-12,23,22,4046118,34259,33.0,2566108,278820,766584,13500,34259,0,2287288,4046118,4012149,33969,130.0,True,33.0,753084,"HAMAWY, ADAM",D,13052,"HAMAWY, ADAM","MAYFIELD, DARIUS",,100.0,0.0,D
NM,01,1,NM-01,3,3,733622,4275,3.0,63,0,0,0,4275,0,63,733622,733018,604,5.0,True,3.0,0,"STANSBURY, MELANIE",D,4275,"STANSBURY, MELANIE","JONES, STEVE",,100.0,0.0,D
NM,02,2,NM-02,5,5,2883241,32560,13.0,362,0,0,0,32560,0,362,2883241,2871741,11500,67.0,True,13.0,0,"VASQUEZ, GABRIEL",D,32560,"VASQUEZ, GABRIEL","CUNNINGHAM, GREG",,100.0,0.0,D
NM,03,3,NM-03,2,2,1294139,0,0.0,10,0,0,0,0,0,10,1294139,1284014,10125,8.0,True,0.0,0,"LEGER FERNANDEZ, TERESA",D,0,"LEGER FERNANDEZ, TERESA","ZAMORA, MARTIN R",,,,Unknown
NV,01,1,NV-01,17,13,1606310,4266,3.0,5199,0,0,0,3750,516,5199,1606310,1600610,5700,5.0,True,3.0,0,"TITUS, DINA",D,3750,"TITUS, DINA","BUCK, CARRIE","HOUSTON, J E II; KHAN, AFZAL; STJOHN, STEVE; THOMAS, ANTHONY MR JR.",87.9043600562588,12.09563994374121,D
NV,02,2,NV-02,22,21,1499068,3750,2.0,936383,308654,100481,89392,0,3750,627729,1499068,1475453,23615,166.0,True,2.0,11089,"AMODEI, MARK EUGENE",R,3500,"BENITEZ-THOMPSON, TERESA","AMODEI, MARK EUGENE",,0.0,100.0,R
NV,03,3,NV-03,18,17,3632104,54599,22.0,59984,0,0,0,47599,7000,59984,3632104,3402104,230000,115.0,True,22.0,0,"LEE, SUSIE",D,47599,"LEE, SUSIE","O'DONNELL, MARTY",,87.17925236725948,12.820747632740526,D
NV,04,4,NV-04,5,4,1513566,42583,16.0,6221,0,0,0,42583,0,6221,1513566,1507666,5900,16.0,True,16.0,0,"HORSFORD, STEVEN ALEXZANDER",D,42583,"HORSFORD, STEVEN ALEXZANDER","HILL, AARON DR.",,100.0,0.0,D
NY,01,1,NY-01,10,8,1670704,21150,8.0,0,0,0,0,2500,18650,0,1670704,1681920,-11216,171.0,True,8.0,0,"NICK, LALOTA",R,18650,"GALLANT, CHRISTOPHER","NICK, LALOTA",,11.82033096926714,88.17966903073287,R
NY,02,2,NY-02,5,5,1197030,30050,9.0,0,0,0,0,3250,26800,0,1197030,1186530,10500,13.0,True,9.0,0,"GARBARINO, ANDREW",R,26800,"HALPIN, PATRICK","GARBARINO, ANDREW",,10.8153078202995,89.18469217970049,R
NY,03,3,NY-03,5,5,3725539,20622,12.0,2684,30,1255,0,20622,0,2654,3725539,3684185,41354,88.0,True,12.0,1255,"SUOZZI, THOMAS",D,19622,"SUOZZI, THOMAS","LIPETRI, MIKE",,100.0,0.0,D
NY,04,4,NY-04,12,11,2800636,29160,17.0,2979,0,0,0,29160,0,2979,2800636,2785736,14900,28.0,True,17.0,0,"GILLEN, LAURA",D,29160,"GILLEN, LAURA","DRISCOLL, JEANINE","TARNOFF, BLAY",100.0,0.0,D
NY,05,5,NY-05,5,5,570592,28500,5.0,10,0,0,0,28500,0,10,570592,565592,5000,10.0,True,5.0,0,"MEEKS, GREGORY W.",D,28500,"MEEKS, GREGORY W.",,,100.0,0.0,D
NY,06,6,NY-06,5,5,1684937,32150,14.0,10,0,0,0,32150,0,10,1684937,1683937,1000,3.0,True,14.0,0,"MENG, GRACE",D,29300,"MENG, GRACE","CHOU, JOSEPH",,100.0,0.0,D
NY,07,7,NY-07,15,13,2907319,36568,51.0,2123885,120375,457546,92500,36568,0,2003510,2907319,2905319,2000,85.0,True,51.0,365046,"VALDEZ, CLAIRE",D,28986,"VALDEZ, CLAIRE","RIVERA, MELVIN","GHAZNAVI, PRISCILLA MS.; SHORE, MILES",100.0,0.0,D
NY,08,8,NY-08,7,6,3257738,27358,19.0,10,0,0,0,27358,0,10,3257738,3249738,8000,90.0,True,19.0,0,"JEFFRIES, HAKEEM",D,27358,"JEFFRIES, HAKEEM","SIMMONS, RICHARD","AHSAN, SAHIR DR.",100.0,0.0,D
NY,09,9,NY-09,6,6,599960,23750,8.0,289704,0,0,0,23750,0,289704,599960,599210,750,3.0,True,8.0,0,"CLARKE, YVETTE D",D,21750,"CLARKE, YVETTE D","DEPALIS, JEAN FRITZNER",,100.0,0.0,D
NY,10,10,NY-10,6,6,6178465,106005,61.0,238921,304101,110891,85063,106005,0,-65180,6178465,6163465,15000,278.0,True,61.0,25828,"LANDER, BRAD MR.",D,70505,"LANDER, BRAD MR.","HAMDAN, BENINE",,100.0,0.0,D
NY,11,11,NY-11,5,5,1036363,7500,3.0,0,3450,0,0,500,7000,-3450,1036363,1036363,0,124.0,True,3.0,0,"MALLIOTAKIS, NICOLE",R,7000,"DECILLIS, MICHAEL","MALLIOTAKIS, NICOLE",,6.666666666666667,93.33333333333333,R
NY,12,12,NY-12,25,22,12344625,623341,230.0,31908601,11163086,21133095,0,623341,0,20745515,12344625,12337275,7350,461.0,True,230.0,21133095,"BORES, ALEXANDER",D,546380,"BORES, ALEXANDER","SOLOMON, GAVIN","NEGRON, WILNEIDA; ORTIZ, KAREN; WINTRICH, LUCIAN",100.0,0.0,D
NY,13,13,NY-13,11,11,2979416,29797,24.0,7464902,2569168,2583441,542468,29797,0,4895734,2979416,2970166,9250,19.0,True,24.0,2040973,"AVILA CHEVALIER, DARIALIZA",D,29797,"AVILA CHEVALIER, DARIALIZA","WILLIAMS, JOMO",,100.0,0.0,D
NY,14,14,NY-14,7,7,10665818,173490,400.0,10,0,0,0,173490,0,10,10665818,10665318,500,7.0,True,400.0,0,"OCASIO-CORTEZ, ALEXANDRIA",D,173490,"OCASIO-CORTEZ, ALEXANDRIA","FORTE, TINA",,100.0,0.0,D
NY,15,15,NY-15,11,8,2784978,12989,14.0,3761696,0,584736,0,11226,0,3761696,2784978,2791978,-7000,2.0,True,14.0,584736,"TORRES, RITCHIE JOHN",D,7644,"TORRES, RITCHIE JOHN",,"DAVIS, INDARA STAR MS.; DURAN, GONZALO; EASTON, ANDRE CLEMENT MR.",100.0,0.0,D
NY,16,16,NY-16,3,2,263831,2500,1.0,0,0,0,0,2500,0,0,263831,262731,1100,4.0,True,1.0,0,"LATIMER, GEORGE",D,2500,"LATIMER, GEORGE","CINQUEMANI, JOSEPH","WILSON, JOHN FRANKLIN MR IV",100.0,0.0,D
NY,17,17,NY-17,9,9,9406007,89496,63.0,1750012,1510458,1076872,2799,59829,29667,239554,9406007,8813262,592745,664.0,True,63.0,1074073,"CONLEY, CAIT",D,33850,"CONLEY, CAIT","LAWLER, MICHAEL VINCENT",,66.85103244837758,33.14896755162242,Mixed
NY,18,18,NY-18,3,3,3361974,106750,29.0,905,0,875,0,106750,0,905,3361974,3356474,5500,462.0,True,29.0,875,"RYAN, PATRICK",D,106750,"RYAN, PATRICK","AURINGER, JACKIE MARY",,100.0,0.0,D
NY,19,19,NY-19,4,3,3190112,74170,26.0,6578,665,2250,0,74170,0,5913,3190112,3171867,18245,301.0,True,26.0,2250,"RILEY, JOSH",D,74170,"RILEY, JOSH","OBERACKER, PETER KARL JR",,100.0,0.0,D
NY,20,20,NY-20,3,2,254814,0,0.0,10,0,0,0,0,0,10,254814,246991,7823,45.0,True,0.0,0,"TONKO, PAUL DAVID",D,0,"TONKO, PAUL DAVID","AMBROSIO, RALPH","FU, JACK",,,Unknown
NY,21,21,NY-21,15,11,3567879,42655,42.0,202213,122530,737,0,42655,0,79683,3567879,3566407,1472,196.0,True,42.0,737,"GENDEBIEN, BLAKE",D,28155,"GENDEBIEN, BLAKE","SMULLEN, ROBERT","HUHN, ROBERT DILLON MR; ROULEAU, BRIAN R MR.; SCHMIDT, CHRISTOPHER",100.0,0.0,D
NY,22,22,NY-22,6,5,1646639,5560,4.0,1785,0,1745,0,5300,260,1785,1646639,1620773,25866,169.0,True,4.0,1745,"MANNION, JOHN W",D,5300,"MANNION, JOHN W","BULLER, KAILEE","STATON, WILLIAM A IV",95.32374100719424,4.676258992805756,D
NY,23,23,NY-23,6,5,991860,0,0.0,149,0,0,0,0,0,149,991860,944655,47205,197.0,True,0.0,0,"GIES, AARON DR.",D,0,"GIES, AARON DR.","KING, JAMES GEORGE",,,,Unknown
NY,24,24,NY-24,8,5,836142,500,1.0,0,1952,0,0,500,0,-1952,836142,836142,0,108.0,True,1.0,0,"ELLMAN, ALISSA",D,500,"ELLMAN, ALISSA","MCDAIRMANT, DAVID JOHN","ESTES, KENNETH; MACULA, TONY; SLOAN, TODD",100.0,0.0,D
NY,25,25,NY-25,7,5,731068,1500,3.0,571928,0,0,0,1500,0,571928,731068,714484,16584,31.0,True,3.0,0,"MORELLE, JOSEPH D",D,1500,"MORELLE, JOSEPH D","MCINTYRE, VIRGINIA","STEHLAR, ERIK; WALTON, KLOUD",100.0,0.0,D
NY,26,26,NY-26,2,2,1627255,500,1.0,0,0,0,0,500,0,0,1627255,1593148,34107,35.0,True,1.0,0,"KENNEDY, TIMOTHY",D,500,"KENNEDY, TIMOTHY","HANNON, DENNIS",,100.0,0.0,D
OH,01,1,OH-01,11,7,3052777,35273,14.0,286865,0,0,0,24109,11164,286865,3052777,3044015,8762,99.0,True,14.0,0,"LANDSMAN, GREG",D,24109,"LANDSMAN, GREG","ERBECK, STEVEN","HANCOCK, JOHN DAVID JR; STOOPS, JASON DWIGHT; WEISE, NATHAN",68.3497292546707,31.65027074532929,Mixed
OH,02,2,OH-02,4,3,471946,7000,1.0,0,0,0,0,0,7000,0,471946,451709,20237,25.0,True,1.0,0,"TAYLOR, DAVID",R,7000,"MAZZUCKELLI, JEN","TAYLOR, DAVID","DIETZ, KENNETH JACOB",0.0,100.0,R
OH,03,3,OH-03,4,2,278775,3500,1.0,10,0,0,0,3500,0,10,278775,278775,0,0.0,False,1.0,0,"BEATTY, JOYCE",D,3500,"BEATTY, JOYCE",,"BIRD, MICHELLE LINDA",100.0,0.0,D
OH,04,4,OH-04,4,3,1321833,7500,4.0,1280,0,1064,0,0,7500,1280,1321833,1320397,1436,79.0,True,4.0,1064,"JORDAN, JAMES D.",R,7500,"KOLASINSKI, JOSHUA","JORDAN, JAMES D.","WILSON, TAMARA",0.0,100.0,R
OH,05,5,OH-05,8,7,577298,8000,2.0,0,0,0,0,0,8000,0,577298,570648,6650,35.0,True,2.0,0,"LATTA, ROBERT EDWARD",R,8000,"BURKET, DANIEL","LATTA, ROBERT EDWARD","FRANKLIN, DALTON JAMES",0.0,100.0,R
OH,06,6,OH-06,10,10,302118,9100,2.0,0,0,0,0,0,9100,0,302118,302118,0,26.0,True,2.0,0,"RULLI, MICHAEL",R,9100,"CONNOLLY, SEAN MICHAEL","RULLI, MICHAEL",,0.0,100.0,R
OH,07,7,OH-07,9,8,1208120,762,2.0,768222,75335,570203,0,762,0,692887,1208120,1207120,1000,75.0,True,2.0,570203,"POINDEXTER, BRIAN",D,762,"POINDEXTER, BRIAN","MILLER, MAX","ASAD, THAHBIA I",100.0,0.0,D
OH,08,8,OH-08,4,4,198127,17100,2.0,0,0,0,0,0,17100,0,198127,184127,14000,24.0,True,2.0,0,"DAVIDSON, WARREN",R,17100,"GRANT, MADARIS","DAVIDSON, WARREN",,0.0,100.0,R
OH,09,9,OH-09,10,8,2895302,21106,11.0,130012,64500,3135,0,21106,0,65512,2895302,2886652,8650,74.0,True,11.0,3135,"KAPTUR, MARCY HON. M.C.",D,21106,"KAPTUR, MARCY HON. M.C.","WILLIAMS, JOSH","GEDERT, DAVID EDWARD; MCKINSTRY, KATHY",100.0,0.0,D
OH,10,10,OH-10,7,6,642172,9012,4.0,0,0,0,0,512,8500,0,642172,635572,6600,35.0,True,4.0,0,"TURNER, MICHAEL R REP.",R,8500,"KNICKERBOCKER, KRISTINA","TURNER, MICHAEL R REP.",,5.681313803817132,94.31868619618287,R
OH,11,11,OH-11,7,6,407628,500,1.0,10,0,0,0,500,0,10,407628,401978,5650,27.0,True,1.0,0,"BROWN, M SHONTEL",D,500,"BROWN, M SHONTEL","HEMPHILL, JAMES TERRELLE","PETERSON, CORTNEY",100.0,0.0,D
OH,12,12,OH-12,3,3,629350,10500,2.0,0,0,0,0,0,10500,0,629350,621850,7500,9.0,True,2.0,0,"BALDERSON, WILLIAM TROY",R,10500,"CHRISTIAN, JERRAD SHANE","BALDERSON, WILLIAM TROY",,0.0,100.0,R
OH,13,13,OH-13,7,6,1880330,10999,9.0,332,0,0,0,10999,0,332,1880330,1875580,4750,18.0,True,9.0,0,"SYKES, EMILIA",D,10999,"SYKES, EMILIA","COLEMAN, CAREY","DIXIT, SANDEEP S MR",100.0,0.0,D
OH,14,14,OH-14,5,5,448133,11000,3.0,12000,0,0,0,500,10500,12000,448133,443133,5000,13.0,True,3.0,0,"JOYCE, DAVID P.",R,10500,"SETZER, CARL","JOYCE, DAVID P.",,4.545454545454546,95.45454545454545,R
OH,15,15,OH-15,5,4,1660683,18312,7.0,4556,0,4556,0,10812,7500,4556,1660683,1588908,71775,32.0,True,7.0,4556,"LEONARD, DON RALPH",D,10812,"LEONARD, DON RALPH","CAREY, MIKE","BARRINGTON, BRENNAN",59.04325032765399,40.95674967234601,Mixed
OK,01,1,OK-01,16,15,2055234,500,1.0,591735,31500,18016,0,0,500,560235,2055234,2039734,15500,154.0,True,1.0,18016,"STALLINGS, JACKSON",R,500,"BAKER, DENNIS","STALLINGS, JACKSON",,0.0,100.0,R
OK,02,2,OK-02,5,4,110060,0,0.0,447,0,447,0,0,0,447,110060,102560,7500,3.0,True,0.0,447,"BRECHEEN, JOSH",R,0,"TERWEY, ERIK","BRECHEEN, JOSH","HOPKINS, RONNIE",,,Unknown
OK,03,3,OK-03,5,5,216359,105,1.0,0,0,0,0,105,0,0,216359,216359,0,0.0,False,1.0,0,"ROBERSON, JULES",D,105,"ROBERSON, JULES","LUCAS, FRANK D.",,100.0,0.0,D
OK,04,4,OK-04,5,5,2035361,36000,8.0,250000,0,250000,0,0,36000,250000,2035361,2009011,26350,228.0,True,8.0,250000,"COLE, TOM",R,36000,"JACOB, MITCHELL LEIGH","COLE, TOM",,0.0,100.0,R
OK,05,5,OK-05,5,3,720650,11020,5.0,394065,0,0,0,1000,10020,394065,720650,719900,750,42.0,True,5.0,0,"BICE, STEPHANIE",R,10020,"MARTIN, TREY","BICE, STEPHANIE","HENRI, ROBERT PATRICK",9.074410163339383,90.92558983666062,R
OR,01,1,OR-01,3,3,328446,0,0.0,0,0,0,0,0,0,0,328446,328446,0,0.0,False,0.0,0,"BONAMICI, SUZANNE MS.",D,0,"BONAMICI, SUZANNE MS.","KAHL, BARBARA J DR DVM",,,,Unknown
OR,02,2,OR-02,11,11,541924,3500,1.0,0,0,0,0,0,3500,0,541924,528112,13812,27.0,True,1.0,0,"BENTZ, CLIFF",R,3500,"BECK, CHRIS","BENTZ, CLIFF",,0.0,100.0,R
OR,03,3,OR-03,3,2,576006,830,3.0,0,0,0,0,830,0,0,576006,572206,3800,7.0,True,3.0,0,"DEXTER, MAXINE",D,830,"DEXTER, MAXINE",,"SALAS, JESSICA",100.0,0.0,D
OR,04,4,OR-04,7,6,805147,0,0.0,292471,0,0,0,0,0,292471,805147,799147,6000,14.0,True,0.0,0,"HOYLE, VALERIE",D,0,"HOYLE, VALERIE","DESPAIN, MONIQUE","FILIP, JUSTIN",,,Unknown
OR,05,5,OR-05,7,5,2009845,23445,17.0,125,0,0,0,23445,0,125,2009845,1998429,11416,164.0,True,17.0,0,"BYNUM, JANELLE",D,23445,"BYNUM, JANELLE","ADAIR, PATTI","LEHMAN, JOSEPH",100.0,0.0,D
OR,06,6,OR-06,3,2,731300,11500,5.0,242,0,0,0,11500,0,242,731300,731055,245,3.0,True,5.0,0,"SALINAS, ANDREA",D,11500,"SALINAS, ANDREA","RUSS, DAVID HONORABLE","FALER, JASON J",100.0,0.0,D
PA,01,1,PA-01,11,8,2941281,23403,11.0,0,10766,0,0,16403,7000,-10766,2941281,2919781,21500,24.0,True,11.0,0,"HARVIE, ROBERT J",D,15903,"HARVIE, ROBERT J","FITZPATRICK, BRIAN","HOBAN, JOHN J; REMMEY, JAMIE FROST",70.08930478998418,29.91069521001581,D
PA,02,2,PA-02,3,3,473205,0,0.0,95,0,0,0,0,0,95,473205,472205,1000,33.0,True,0.0,0,"BOYLE, BRENDAN F",D,0,"BOYLE, BRENDAN F","ARRIAGA, JESSICA",,,,Unknown
PA,03,3,PA-03,19,17,3054789,19675,11.0,5727555,75627,4438209,75627,19675,0,5651928,3054789,2967795,86994,159.0,True,11.0,4362582,"RABB, CHRISTOPHER M.",D,13325,"RABB, CHRISTOPHER M.","SCHNELL, ALEXANDER","ARMSTRONG, SHEILA E; MAHONEY, DENNIS JOSEPH",100.0,0.0,D
PA,04,4,PA-04,6,5,459701,0,0.0,105,0,0,0,0,0,105,459701,452201,7500,6.0,True,0.0,0,"DEAN, MADELEINE",D,0,"DEAN, MADELEINE","AYOUAZ, ISMAINE MR","PATEL, MILAN",,,Unknown
PA,05,5,PA-05,6,6,471411,840,2.0,105,0,0,0,840,0,105,471411,471411,0,0.0,False,2.0,0,"SCANLON, MARY GAY",D,840,"SCANLON, MARY GAY","JOHNAKIN, MELVIN PRINCE",,100.0,0.0,D
PA,06,6,PA-06,4,3,1324499,17500,5.0,105,0,0,0,16500,1000,105,1324499,1310249,14250,7.0,True,5.0,0,"HOULAHAN, CHRISSY",D,16500,"HOULAHAN, CHRISSY","YOUNG, MARTIN",,94.28571428571428,5.714285714285714,D
PA,07,7,PA-07,10,7,4162439,38881,32.0,3626302,730833,493919,10673,34861,4020,2895469,4162439,4099663,62776,241.0,True,32.0,483246,"CROSSWELL, RYAN",D,14850,"CROSSWELL, RYAN","MACKENZIE, RYAN EDWARD","GOLDEN, FRANK; SHUPE, LEWIS",89.66075975412156,10.339240245878448,D
PA,08,8,PA-08,4,3,4552071,38640,22.0,103248,384418,102548,132032,31640,7000,-281170,4552071,4540821,11250,101.0,True,22.0,-29484,"COGNETTI, PAIGE",D,31640,"COGNETTI, PAIGE","BRESNAHAN, ROB",,81.88405797101449,18.115942028985508,D
PA,09,9,PA-09,6,6,1361902,16534,8.0,0,900,0,0,6200,10334,-900,1361902,1361902,0,92.0,True,8.0,0,"MEUSER, DANIEL",R,10334,"WALLACE, RACHEL","MEUSER, DANIEL",,37.49848796419499,62.50151203580501,Mixed
PA,10,10,PA-10,11,9,5665222,38300,20.0,207842,73148,149800,35329,37300,1000,134694,5665222,5576036,89186,64.0,True,20.0,114471,"STELSON, JANELLE",D,37300,"STELSON, JANELLE","PERRY, SCOTT","HARMAN, ISABELLE A; SHIMP, FOGEL G",97.38903394255874,2.610966057441253,D
PA,11,11,PA-11,4,3,374371,0,0.0,0,0,0,0,0,0,0,374371,368310,6061,27.0,True,0.0,0,"KLIMM, SARAH RENEE",D,0,"KLIMM, SARAH RENEE","SMUCKER, LLOYD K.","WILDER, JEFFREY",,,Unknown
PA,12,12,PA-12,6,6,831056,14792,14.0,35203,0,13897,0,14792,0,35203,831056,831056,0,4.0,True,14.0,13897,"LEE, SUMMER",D,14792,"LEE, SUMMER","FECHTER, LEONARD BENSON",,100.0,0.0,D
PA,13,13,PA-13,2,2,460952,10000,3.0,95,0,0,0,0,10000,95,460952,455952,5000,33.0,True,3.0,0,"JOYCE, JOHN",R,10000,"FARNHAM, ELIZABETH RHOADS","JOYCE, JOHN",,0.0,100.0,R
PA,14,14,PA-14,4,3,1581085,21150,13.0,481,173,0,0,800,20350,308,1581085,1549585,31500,83.0,True,13.0,0,"RESCHENTHALER, GUY MR.",R,20350,"BRADSTOCK, DAVID ALAN","RESCHENTHALER, GUY MR.","HALFHILL, ADAM SCOTT",3.7825059101654848,96.2174940898345,R
PA,15,15,PA-15,3,2,785338,16700,3.0,0,1788,0,0,0,16700,-1788,785338,726450,58888,82.0,True,3.0,0,"THOMPSON, GLENN MR.",R,16700,"BILGER, RAYMOND ALLEN","THOMPSON, GLENN MR.",,0.0,100.0,R
PA,16,16,PA-16,3,2,322593,500,1.0,0,0,0,0,500,0,0,322593,322593,0,4.0,True,1.0,0,"WAGNER, JUSTIN",D,500,"WAGNER, JUSTIN","KELLY, GEORGE J JR",,100.0,0.0,D
PA,17,17,PA-17,4,4,1564261,16250,10.0,13978,0,0,0,16250,0,13978,1564261,1560261,4000,15.0,True,10.0,0,"DELUZIO, CHRISTOPHER",D,16250,"DELUZIO, CHRISTOPHER","GUY, TONY",,100.0,0.0,D
RI,01,1,RI-01,4,2,875539,20040,16.0,0,0,0,0,20040,0,0,875539,873539,2000,4.0,True,16.0,0,"AMO, GABRIEL F",D,20040,"AMO, GABRIEL F","KEENAN, KELLIE ELEANOR","DESOUZA, PEDRO",100.0,0.0,D
RI,02,2,RI-02,5,4,1429187,3500,1.0,0,0,0,0,3500,0,0,1429187,1429187,0,0.0,False,1.0,0,"MAGAZINER, SETH",D,3500,"MAGAZINER, SETH","MELLOR, VICTOR G.","ANZOLI, ARMANDO LUCIANO",100.0,0.0,D
SC,01,1,SC-01,23,21,3449739,3125,8.0,2485589,335450,712374,0,3125,0,2150139,3449739,3376389,73350,272.0,True,8.0,712374,"LACORE, NANCY",D,3125,"LACORE, NANCY","HONEYCUTT, JENNY COSTA","CUTERI, CLAYTON ALEXANDER; REESIDE, WILLIAM OLIVER JR.",100.0,0.0,D
SC,02,2,SC-02,9,9,396583,0,0.0,0,0,0,0,0,0,0,396583,388260,8323,21.0,True,0.0,0,"REDMOND, HAMPTON",R,0,"KHALIFA, ZYON DESHON","REDMOND, HAMPTON",,,,Unknown
SC,03,3,SC-03,3,3,106391,500,1.0,6344,0,6344,0,500,0,6344,106391,106391,0,0.0,False,1.0,6344,"LEHMACHER, EUNICE",D,500,"LEHMACHER, EUNICE","BIGGS, SHERI",,100.0,0.0,D
SC,04,4,SC-04,5,4,514290,2000,2.0,487313,0,0,0,0,2000,487313,514290,506290,8000,10.0,True,2.0,0,"TIMMONS, WILLIAM R IV",R,2000,"MCCLAIN, COURTNEY","TIMMONS, WILLIAM R IV","ETHRIDGE, JESSICA",0.0,100.0,R
SC,05,5,SC-05,7,6,765531,3149,2.0,1178,0,258,0,3149,0,1178,765531,757532,7999,15.0,True,2.0,258,"DITTMER, MALLORY",D,3149,"DITTMER, MALLORY","NORMAN, RALPH W. JR.","KAPLAN, ANDREW",100.0,0.0,D
SC,06,6,SC-06,4,4,305949,14285,7.0,0,0,0,0,14285,0,0,305949,302199,3750,2.0,True,7.0,0,"CLYBURN, JAMES E",D,14285,"CLYBURN, JAMES E","PETERSON, JOHN",,100.0,0.0,D
SC,07,7,SC-07,6,4,818299,1500,1.0,0,0,0,0,0,1500,0,818299,807724,10575,15.0,True,1.0,0,"FRY, RUSSELL",R,1500,"VINCENT, JOHN GREGORY","FRY, RUSSELL",,0.0,100.0,R
SD,AL,0,SD-AL,9,7,2546969,15284,7.0,149678,0,0,0,0,15284,149678,2546969,2378392,168577,269.0,True,7.0,0,"JOHNSON, DUSTY",R,12400,"GRONLI, NICOLE","JOHNSON, DUSTY",,0.0,100.0,R
TN,01,1,TN-01,4,3,421212,0,0.0,13784,0,13784,0,0,0,13784,421212,421212,0,20.0,True,0.0,13784,"HARSHBARGER, DIANA",R,0,"BURKE, KRISTI","HARSHBARGER, DIANA",,,,Unknown
TN,02,2,TN-02,5,3,1094916,250,1.0,0,0,0,0,0,250,0,1094916,1081915,13001,9.0,True,1.0,0,"BURCHETT, TIM",R,250,"BARNETT, MICHAELA","BURCHETT, TIM","HEIMERMAN, ADAM",0.0,100.0,R
TN,03,3,TN-03,7,4,1498921,15500,3.0,0,0,0,0,0,15500,0,1498921,1498921,0,0.0,False,3.0,0,"FLEISCHMANN, CHARLES J",R,15500,"GOLLADAY, ANNA","FLEISCHMANN, CHARLES J","OWNBY, DONNIE LYNN; ROLAND, EDWARD JOHN MR",0.0,100.0,R
TN,04,4,TN-04,12,9,638657,800,2.0,395,0,395,0,800,0,395,638657,626157,12500,5.0,True,2.0,395,"CORTESE, MIKE",D,800,"CORTESE, MIKE","DESJARLAIS, SCOTT HON.","ANDERS, JACOB KRISTOPHER; ARNOLD, ROBERT",100.0,0.0,D
TN,05,5,TN-05,10,7,3089757,10400,7.0,482478,273078,448771,273013,3800,6600,209400,3089757,3063949,25808,340.0,True,7.0,175758,"OGLES, ANDY",R,6600,"MOLDER, CHAZ","OGLES, ANDY","BROWN, KENNETH (KEN) H 584882 MR.; O'LEARY, MICHEAL",36.53846153846153,63.46153846153846,Mixed
TN,06,6,TN-06,15,13,2463882,2115,4.0,637689,114751,22380,0,2115,0,522938,2463882,2382441,81441,544.0,True,4.0,22380,"MOSLEY, CHANEY",D,2115,"MOSLEY, CHANEY","GARRETT, JOHNNY","BRADEN, RONNIE DALE; MONDAY, CHRISTOPHER BRIAN",100.0,0.0,D
TN,07,7,TN-07,14,11,3265503,13617,21.0,3467834,3572595,1367666,1711341,13117,500,-104761,3265503,3209593,55910,138.0,True,21.0,-343675,"BEHN, AFTYN",D,11867,"BEHN, AFTYN","VAN EPPS, MATTHEW ROBERT","KOONTZ, ANDREW; REYNOLDS, LOWELL; THORP, JONATHAN",96.32811926268636,3.671880737313652,D
TN,08,8,TN-08,9,6,1253785,0,0.0,0,0,0,0,0,0,0,1253785,1237285,16500,172.0,True,0.0,0,"KUSTOFF, DAVID",R,0,"BRYAN, DEWEY GORDON","KUSTOFF, DAVID","AUSTILL, ADAM D; FUTCH, ANTONIO MR; TAYLOR, HORACE",,,Unknown
TN,09,9,TN-09,11,10,2194084,4811,11.0,493034,20448,5706,0,4811,0,472586,2194084,2184834,9250,5.0,True,11.0,5706,"PEARSON, JUSTIN J.",D,4811,"PEARSON, JUSTIN J.","TAYLOR, BRENT",,100.0,0.0,D
TX,01,1,TX-01,11,9,517895,14000,4.0,52,0,0,0,0,14000,52,517895,501697,16198,16.0,True,4.0,0,"MORAN, NATHANIEL QUENTIN",R,14000,"ALEXANDER, DAX CORNELL","MORAN, NATHANIEL QUENTIN",,0.0,100.0,R
TX,02,2,TX-02,9,9,2428242,20652,4.0,1596635,2254534,74251,0,2500,18152,-657899,2428242,2153067,275175,374.0,True,4.0,74251,"TOTH, STEVE",R,10500,"FINNIE, SHAUN","TOTH, STEVE",,12.105365097811351,87.89463490218866,R
TX,03,3,TX-03,6,4,637665,18645,12.0,52,0,0,0,1750,16895,52,637665,633865,3800,32.0,True,12.0,0,"NEWGENT, MARK",R,10295,"HUNT, EVAN","NEWGENT, MARK","BLACK, BRITTANY; DEATS, ANTHONY",9.385894341646555,90.61410565835345,R
TX,04,4,TX-04,5,5,255096,13500,3.0,52,0,0,0,0,13500,52,255096,250096,5000,8.0,True,3.0,0,"FALLON, PATRICK",R,13500,"PEARCE, JASON","FALLON, PATRICK",,0.0,100.0,R
TX,05,5,TX-05,6,5,413719,2000,2.0,52,0,0,0,0,2000,52,413719,398619,15100,5.0,True,2.0,0,"GOODEN, LANCE",R,2000,"HOCKETT, CHELSEY ALEXANDRA","GOODEN, LANCE","MARSH-FOY, DEADRA",0.0,100.0,R
TX,06,6,TX-06,5,5,1348414,7060,4.0,47845,0,0,0,0,7060,47845,1348414,1345937,2477,17.0,True,4.0,0,"ELLZEY, JOHN KEVIN SR.",R,7060,"MINTON, DANNY","ELLZEY, JOHN KEVIN SR.",,0.0,100.0,R
TX,07,7,TX-07,6,5,362811,0,0.0,0,0,0,0,0,0,0,362811,362811,0,2.0,True,0.0,0,"FLETCHER, ELIZABETH",D,0,"FLETCHER, ELIZABETH","COHEN, TINA","NGABO, ESPOIR",,,Unknown
TX,08,8,TX-08,10,9,1197921,4520,4.0,1747116,0,8819,0,0,4520,1747116,1197921,1179518,18403,155.0,True,4.0,8819,"LUTTRELL, MORGAN JOE",R,3500,"COLEMAN, KEITH","LUTTRELL, MORGAN JOE",,0.0,100.0,R
TX,09,9,TX-09,17,16,2833819,4146,2.0,4964893,971590,651673,98041,500,3646,3993303,2833819,2793050,40769,29.0,True,2.0,553632,"MEALER, ALEXANDRA",R,3646,"GUTIERREZ, LETICIA","MEALER, ALEXANDRA","MORALES, ROY",12.0598166907863,87.94018330921371,R
TX,10,10,TX-10,21,21,1590163,4020,6.0,1594285,0,39444,0,3520,500,1594285,1590163,1473770,116393,250.0,True,6.0,39444,"ROURK, CAITLIN MCCLAY",D,3000,"ROURK, CAITLIN MCCLAY","GOBER, CHRIS",,87.56218905472637,12.437810945273633,D
TX,11,11,TX-11,3,3,516928,14733,4.0,52,0,0,0,7733,7000,52,516928,512333,4595,17.0,True,4.0,0,"REYNOLDS, CLAIRE ANNE",D,7733,"REYNOLDS, CLAIRE ANNE","PFLUGER, AUGUST LEE II",,52.48761284191949,47.5123871580805,Mixed
TX,12,12,TX-12,5,5,355146,7000,2.0,52,0,0,0,0,7000,52,355146,350146,5000,17.0,True,2.0,0,"GOLDMAN, CRAIG",R,7000,"MORGAN-AGUILERA, KENNETH","GOLDMAN, CRAIG",,0.0,100.0,R
TX,13,13,TX-13,3,3,1204862,4468,4.0,52,0,0,0,0,4468,52,1204862,1204862,0,0.0,False,4.0,0,"JACKSON, RONNY LYNN",R,4468,"NAIR, MARK","JACKSON, RONNY LYNN",,0.0,100.0,R
TX,14,14,TX-14,6,6,303668,5000,2.0,52,0,0,0,0,5000,52,303668,303668,0,22.0,True,2.0,0,"WEBER, RANDY",R,5000,"BARTIE, THURMAN BILL MR","WEBER, RANDY",,0.0,100.0,R
TX,15,15,TX-15,4,4,4028795,25615,16.0,1217876,185000,196864,185000,25541,74,1032876,4028795,4019795,9000,74.0,True,16.0,11864,"PULIDO, BOBBY",D,25541,"PULIDO, BOBBY","DE LA CRUZ, MONICA",,99.71110677337498,0.28889322662502437,D
TX,16,16,TX-16,7,7,468801,1000,1.0,0,0,0,0,1000,0,0,468801,468801,0,0.0,False,1.0,0,"ESCOBAR, VERONICA",D,1000,"ESCOBAR, VERONICA","BARRAZA, MANUEL",,100.0,0.0,D
TX,17,17,TX-17,4,4,504017,1500,2.0,52,0,0,0,0,1500,52,504017,504017,0,0.0,False,2.0,0,"SESSIONS, PETE",R,1500,"FLORES, JAMILAH N","SESSIONS, PETE",,0.0,100.0,R
TX,18,18,TX-18,13,12,5358809,28249,30.0,7065628,47162,586576,0,28249,0,7018466,5358809,5301309,57500,262.0,True,30.0,586576,"EDWARDS, AMANDA",D,13299,"EDWARDS, AMANDA","BERRY, ALLEN D DR",,100.0,0.0,D
TX,19,19,TX-19,11,11,2268313,0,0.0,1593024,80632,18664,0,0,0,1512392,2268313,2091792,176521,503.0,True,0.0,18664,"SELL, TOM",R,0,"RABLE, KYLE","SELL, TOM",,,,Unknown
TX,20,20,TX-20,5,4,343493,500,2.0,0,0,0,0,500,0,0,343493,342993,500,17.0,True,2.0,0,"CASTRO, JOAQUIN",D,500,"CASTRO, JOAQUIN","BAEZ, EDGARDO RAFAEL DR","TRISTAN, ANTHONY JAMES",100.0,0.0,D
TX,21,21,TX-21,20,19,1898350,9050,8.0,986190,0,44842,0,6050,3000,986190,1898350,1816937,81413,309.0,True,8.0,44842,"HOOK, KRISTIN A DR.",D,6050,"HOOK, KRISTIN A DR.","TEIXEIRA, MARK CHARLES",,66.85082872928176,33.14917127071823,Mixed
TX,22,22,TX-22,8,7,334419,0,0.0,142230,0,0,0,0,0,142230,334419,334419,0,32.0,True,0.0,0,"NEHLS, TREVER",R,0,"GREENE-SCOTT, MARQUETTE","NEHLS, TREVER",,,,Unknown
TX,23,23,TX-23,14,11,971895,11500,4.0,239548,346322,117234,273405,4500,7000,-106774,971895,963895,8000,37.0,True,4.0,-156171,"GONZALES, ERNEST ANTHONY TONY II",R,7000,"STOUT, KATY PADILLA","GONZALES, ERNEST ANTHONY TONY II","HALE-ASHE, PATTI ANN; WILLIAMS, VERONICA",39.130434782608695,60.86956521739131,Mixed
TX,24,24,TX-24,6,6,701240,2000,1.0,52,0,0,0,2000,0,52,701240,684809,16431,63.0,True,1.0,0,"BURGE, KEVIN BERYL",D,2000,"BURGE, KEVIN BERYL","VAN DUYNE, ELIZABETH ANN",,100.0,0.0,D
TX,25,25,TX-25,4,4,83829,250,1.0,0,0,0,0,250,0,0,83829,82829,1000,7.0,True,1.0,0,"MARKS, WILLIAM JAMES",D,250,"MARKS, WILLIAM JAMES","WILLIAMS, ROGER",,100.0,0.0,D
TX,26,26,TX-26,5,3,1504446,7069,4.0,1699,0,1428,0,0,7069,1699,1504446,1419127,85319,422.0,True,4.0,1428,"GILL, BRANDON",R,7069,"LINEBERGER, ERNEST ROBINSON III","GILL, BRANDON",,0.0,100.0,R
TX,27,27,TX-27,7,7,549136,1264,2.0,1179,0,1127,0,650,614,1179,549136,546836,2300,24.0,True,2.0,1127,"LLOYD, TANYA W",D,650,"LLOYD, TANYA W","CLOUD, MICHAEL",,51.42405063291139,48.575949367088604,Mixed
TX,28,28,TX-28,10,7,1583289,17500,8.0,10387,0,0,0,17500,0,10387,1583289,1525558,57731,60.0,True,8.0,0,"CUELLAR, HENRY R.",D,17500,"CUELLAR, HENRY R.","TIJERINA, TANO","DURAN, MARLON GERARDO MX.; LOPEZ, ADRIEL VENTURA",100.0,0.0,D
TX,29,29,TX-29,4,4,392636,0,0.0,562223,0,263648,0,0,0,562223,392636,389347,3289,13.0,True,0.0,263648,"GARCIA, SYLVIA R",D,0,"GARCIA, SYLVIA R","FIERRO, MARTHA ELENA,",,,,Unknown
TX,30,30,TX-30,16,15,2244115,20405,30.0,470000,0,100000,0,20405,0,470000,2244115,2237115,7000,30.0,True,30.0,100000,"CROCKETT, JASMINE",D,19905,"CROCKETT, JASMINE","DANIELS, SHOLDON","NORDBERG, OXFORD CHRISTIAN FORBES",100.0,0.0,D
TX,31,31,TX-31,15,14,621805,23518,9.0,63559,0,8507,0,600,18143,63559,621805,621805,0,0.0,False,9.0,8507,"CARTER, JOHN R REP.",R,17643,"EARLY, JUSTIN","CARTER, JOHN R REP.","STOKER, GREGORY JAMES",3.201195112842128,96.79880488715787,R
TX,32,32,TX-32,18,17,964086,59451,2.0,1718094,2125,17081,0,58931,520,1715969,964086,915520,48566,61.0,True,2.0,17081,"CORNWALLIS, ALEX",D,58931,"CORNWALLIS, ALEX","YARBROUGH, JACE","HARPER, CHARLES M.",99.12533010378294,0.8746698962170526,D
TX,33,33,TX-33,10,10,3335727,36092,17.0,1069978,165855,568840,0,36092,0,904123,3335727,3314982,20745,100.0,True,17.0,568840,"ALLRED, COLIN",D,22250,"ALLRED, COLIN","JACKSON, PAYTON",,100.0,0.0,D
TX,34,34,TX-34,14,12,3149329,19877,11.0,623418,48447,159534,0,15949,3928,574971,3149329,3108629,40700,95.0,True,11.0,159534,"GONZALEZ, VICENTE",D,15949,"GONZALEZ, VICENTE","FLORES, ERIC","ESPINOZA, EDDIE",80.23846656940182,19.76153343059818,D
TX,35,35,TX-35,14,13,1822173,1832,5.0,6124651,824069,3091357,0,1312,520,5300582,1822173,1807648,14525,33.0,True,5.0,3091357,"GARCIA, JOHNNY",D,812,"GARCIA, JOHNNY","CORTEZ, JOSHUA","SISSINE, ANTHONY RICHARD JR",71.61572052401746,28.38427947598253,D
TX,36,36,TX-36,4,4,256946,21000,3.0,0,0,0,0,0,21000,0,256946,256946,0,0.0,False,3.0,0,"BABIN, BRIAN",R,21000,"HART, RHONDA J","BABIN, BRIAN",,0.0,100.0,R
TX,37,37,TX-37,8,7,666646,9800,11.0,37,0,37,0,9800,0,37,666646,666401,245,1.0,True,11.0,37,"CASAR, GREG",D,9300,"CASAR, GREG","GARY, GE'NELL","KINNEY, JAMES MR",100.0,0.0,D
TX,38,38,TX-38,20,17,2221793,9143,4.0,848096,88368,164561,0,0,9143,759728,2221793,2091142,130651,131.0,True,4.0,164561,"PRATT, MICHAEL",R,8643,"COOK, CURTIS II","PRATT, MICHAEL","MCMENEMY, ALEX; TAGGART, WILLIAM M IV; TAGGART, WILLIAM MISKEY MR. IV",0.0,100.0,R
UT,01,1,UT-01,15,13,2712863,25103,16.0,2713376,0,22804,0,25103,0,2713376,2712863,2694432,18431,47.0,True,16.0,22804,"MCADAMS, BEN",D,16638,"MCADAMS, BEN","LOPEZ, JONATHAN","WEST, JESSE KEEGAN",100.0,0.0,D
UT,02,2,UT-02,16,10,1178436,3500,1.0,530470,532760,0,0,0,3500,-2290,1178436,1163836,14600,63.0,True,1.0,0,"MOORE, BLAKE",R,3500,"CROSBY, PETER","MOORE, BLAKE","ARRINGTON, BRYAN LAMONT; ARRINGTON, BRYAN LAMONT SGT.; BOWEN, CARLTON E; BOWEN, CARLTON E.; MOESINGER, ROBERT MICHAEL",0.0,100.0,R
UT,03,3,UT-03,10,5,790856,42000,11.0,1301054,333500,998739,0,0,42000,967554,790856,792356,-1500,7.0,True,11.0,998739,"MALOY, CELESTE",R,42000,"MERRILL, STEVEN","MALOY, CELESTE","HOOSLYN, ADONIS; SCOTT, AYDEN TATE; STODDARD, MICHAEL RAY",0.0,100.0,R
UT,04,4,UT-04,9,7,749598,2500,1.0,0,0,0,0,0,2500,0,749598,735213,14385,107.0,True,1.0,0,"KENNEDY, MIKE",R,2500,"LARSEN, JONNY","KENNEDY, MIKE","BURT, STEVEN",0.0,100.0,R
VA,01,1,VA-01,14,14,3795536,36585,28.0,34511,605075,0,605075,25585,11000,-570564,3795536,3686227,109309,230.0,True,28.0,-605075,"WITTMAN, ROBERT J. MR.",R,11000,"BHATTI, ATA-UL-SALAAM","WITTMAN, ROBERT J. MR.",,69.93303266365997,30.066967336340028,Mixed
VA,02,2,VA-02,14,11,6031248,27850,14.0,91490,1765,0,0,26100,1750,89725,6031248,5957044,74204,218.0,True,14.0,0,"LURIA, ELAINE",D,17450,"LURIA, ELAINE","KIGGANS, JENNIFER","ALBRITTON, DEVINCHE JAVON; BAKER, MATTHEW; STATEN, GERAL DEFRANCE MR",93.71633752244165,6.283662477558348,D
VA,03,3,VA-03,7,3,364520,1000,1.0,0,0,0,0,1000,0,0,364520,364520,0,0.0,False,1.0,0,"SCOTT, ROBERT C",D,1000,"SCOTT, ROBERT C","RIVERA, EDWIN MR. JR.","GAINES, MAKIBA; VASQUEZ, DAWN E; WOLL, STEPHEN C.",100.0,0.0,D
VA,04,4,VA-04,6,2,442089,2250,3.0,0,0,0,0,2250,0,0,442089,439375,2714,5.0,True,3.0,0,"MCCLELLAN, JENNIFER",D,2250,"MCCLELLAN, JENNIFER","MURRAY, ROBERT P.","BELL, JOAN E.; BROWN, JASON II; GOODMAN, JUSTIN; KERSEY, ANDRE ODELL",100.0,0.0,D
VA,05,5,VA-05,13,11,2937371,72100,19.0,0,0,0,0,58500,13600,0,2937371,2865521,71850,239.0,True,19.0,0,"PERRIELLO, THOMAS",D,57000,"PERRIELLO, THOMAS","MCGUIRE, JOHN J. MR. III","HARVEY, COOKE COSTA; REGISTER, CHRIS",81.13730929264909,18.8626907073509,D
VA,06,6,VA-06,6,6,2008466,3750,2.0,6774,0,6774,0,250,3500,6774,2008466,2004722,3744,26.0,True,2.0,6774,"CLINE, BENJAMIN LEE",R,3500,"MACY, BETH","CLINE, BENJAMIN LEE",,6.666666666666667,93.33333333333333,R
VA,07,7,VA-07,23,20,7468709,52855,49.0,90632,0,90000,0,51835,1020,90632,7468709,7398897,69812,203.0,True,49.0,90000,"VINDMAN, YEVGENY 'EUGENE'",D,22811,"VINDMAN, YEVGENY 'EUGENE'","DURANT, TARA ANNE","AHRAR, ALAHA MS.; ERTLE, JOSHUA; TERRY, RANDALL",98.07019203481222,1.929807965187778,D
VA,08,8,VA-08,11,10,1760444,38500,8.0,0,0,0,0,38500,0,0,1760444,1747644,12800,25.0,True,8.0,0,"BEYER, DONALD STERNOFF JR.",D,38000,"BEYER, DONALD STERNOFF JR.","KIM, HEERAK CHRISTIAN DR.","SHARMAN, TIM",100.0,0.0,D
VA,09,9,VA-09,8,6,632180,15000,3.0,424,0,424,0,0,15000,424,632180,627180,5000,9.0,True,3.0,424,"GRIFFITH, H MORGAN",R,15000,"CROCKETT, DOUGLAS","GRIFFITH, H MORGAN","JACKSON, MICHAEL PAUL",0.0,100.0,R
VA,10,10,VA-10,8,5,777050,9000,5.0,13,0,0,0,9000,0,13,777050,776050,1000,1.0,True,5.0,0,"SUBRAMANYAM, SUHAS",D,9000,"SUBRAMANYAM, SUHAS","WONG, M. SAM","GOFORTH, STEVEN ANTHONY; MALIK, AHSEN MUJEEB",100.0,0.0,D
VA,11,11,VA-11,11,10,2872529,33000,32.0,2920104,16261,161495,0,33000,0,2903843,2872529,2823629,48900,63.0,True,32.0,161495,"WALKINSHAW, JAMES",D,16300,"WALKINSHAW, JAMES","HEADRICK, NATHAN",,100.0,0.0,D
VI,AL,0,VI-AL,9,6,453429,0,0.0,0,0,0,0,0,0,0,453429,453129,300,4.0,True,0.0,0,"SARAUW, JANELLE KAREN",,0,"FRANCIS, RASHIDA",,"SARAUW, JANELLE KAREN",,,Unknown
VT,AL,0,VT-AL,8,3,528234,4700,3.0,10,0,0,0,4700,0,10,528234,526234,2000,20.0,True,3.0,0,"BALINT, REBECCA 'BECCA'",D,4700,"BALINT, REBECCA 'BECCA'","MALLOY, GERALD MR.","SEYMOUR, SUZANNE; WALTON, RYAN PATRICK",100.0,0.0,D
WA,01,1,WA-01,6,5,1006594,32050,22.0,113130,0,0,0,31800,0,113130,1006594,1003094,3500,119.0,True,22.0,0,"DELBENE, SUZAN K",D,28100,"DELBENE, SUZAN K","SILVA, MARY","ETZKORN, JAMES",100.0,0.0,D
WA,02,2,WA-02,5,5,730814,19223,21.0,10,0,0,0,19223,0,10,730814,729314,1500,1.0,True,21.0,0,"LARSEN, RICK",D,18223,"LARSEN, RICK","FELLER, EDWIN HAROLD",,100.0,0.0,D
WA,03,3,WA-03,9,7,3784885,26330,14.0,11352,110000,11352,0,22830,3500,-98648,3784885,3752648,32237,192.0,True,14.0,11352,"GLUESENKAMP PEREZ, MARIE",D,22480,"GLUESENKAMP PEREZ, MARIE","BRAUN, JOHN","TANNER, SUZZANNA",86.70717812381315,13.292821876186858,D
WA,04,4,WA-04,11,8,1252935,5550,4.0,2113325,143722,40019,0,0,5550,1969603,1252935,1226935,26000,92.0,True,4.0,40019,"NEWHOUSE, DAN",R,5550,"DURESKY, JOHN","NEWHOUSE, DAN","BLACK, CARMEN ELIZABETH; POORE, DEVIN; VALENCIA, FAVIAN",0.0,100.0,R
WA,05,5,WA-05,15,8,1962185,11566,8.0,227295,207349,0,0,3798,7250,19946,1962185,1948931,13254,107.0,True,8.0,0,"BAUMGARTNER, MICHAEL JAMES",R,7250,"MAVALWALLA, BAJUN","BAUMGARTNER, MICHAEL JAMES","BARTLESON, ANDREW; CROFT, AARON MATTHEW; DANIMUS, ANN MARIE; HAYES, MATTHEW STEPHEN; POWELL, NATE; USREY, KYLE B",34.37726285300507,65.62273714699494,Mixed
WA,06,6,WA-06,4,3,654049,19110,8.0,20,0,0,0,19110,0,20,654049,650549,3500,2.0,True,8.0,0,"RANDALL, EMILY",D,19110,"RANDALL, EMILY","FOX, TERESA",,100.0,0.0,D
WA,07,7,WA-07,3,3,1124015,21688,27.0,10,0,0,0,21688,0,10,1124015,1124015,0,8.0,True,27.0,0,"JAYAPAL, PRAMILA",D,21688,"JAYAPAL, PRAMILA","SHETH, NIRAV",,100.0,0.0,D
WA,08,8,WA-08,5,5,2017747,40135,29.0,105156,0,0,0,39885,250,105156,2017747,2005910,11837,34.0,True,29.0,0,"SCHRIER, KIM DR.",D,39885,"SCHRIER, KIM DR.","HA, TRINH DR.",,99.37710227980565,0.6228977201943441,D
WA,09,9,WA-09,6,5,1753817,207288,82.0,10,0,0,0,178297,0,10,1753817,1753817,0,74.0,True,82.0,0,"SMITH, D. ADAM",D,177297,"SMITH, D. ADAM","BASLER, DOUGLAS MICHAEL","SAWANT, KSHAMA",100.0,0.0,D
WA,10,10,WA-10,4,4,773079,25449,17.0,391142,0,0,0,25449,0,391142,773079,772079,1000,1.0,True,17.0,0,"STRICKLAND, MARILYN",D,25449,"STRICKLAND, MARILYN",,,100.0,0.0,D
WI,01,1,WI-01,14,12,1628936,56600,13.0,1039,0,0,0,1000,55600,1039,1628936,1620366,8570,11.0,True,13.0,0,"STEIL, BRYAN GEORGE",R,55600,"BERMAN, MITCHELL","STEIL, BRYAN GEORGE",,1.76678445229682,98.23321554770318,R
WI,02,2,WI-02,3,3,246028,500,1.0,10,0,0,0,500,0,10,246028,245028,1000,4.0,True,1.0,0,"POCAN, MARK",D,500,"POCAN, MARK","OLSEN, ERIK",,100.0,0.0,D
WI,03,3,WI-03,9,6,7560145,40001,33.0,165394,77016,11352,10440,32860,7141,88378,7560145,7541508,18637,12240.0,True,33.0,912,"COOKE, REBECCA",D,31460,"COOKE, REBECCA","VAN ORDEN, DERRICK F. MR.","KENT, ALEXANDER VALIENSI; PROVANCE, RUSTIN LEVEM; WELCH, JAYTE RYAN MR.",82.14794630134247,17.85205369865753,D
WI,04,4,WI-04,5,4,362391,0,0.0,74,0,0,0,0,0,74,362391,361891,500,1.0,True,0.0,0,"MOORE, GWEN S",D,0,"MOORE, GWEN S","NATH, PURNIMA","DIXON, CARLOS LEMAR",,,Unknown
WI,05,5,WI-05,3,3,449174,500,1.0,0,0,0,0,0,500,0,449174,449174,0,28.0,True,1.0,0,"FITZGERALD, SCOTT",R,500,"BECK, ANDREW","FITZGERALD, SCOTT",,0.0,100.0,R
WI,06,6,WI-06,14,11,822674,0,0.0,0,0,0,0,0,0,0,822674,822566,108,5.0,True,0.0,0,"ARNDT, MATTHEW JOHN",,0,"BELL, AMANDA H","GROTHMAN, GLENN S.","ARNDT, MATTHEW JOHN; FITZGIBBON, ELIZABETH; THUROW, MICHAEL",,,Unknown
WI,07,7,WI-07,9,9,2488256,770,2.0,3220833,0,31212,0,0,770,3220833,2488256,2132256,356000,237.0,True,2.0,31212,"ALFONSO, MICHAEL",R,770,"ARMSTRONG, CHRISTOPHER CAMPBELL","ALFONSO, MICHAEL",,0.0,100.0,R
WI,08,8,WI-08,5,5,479463,6600,1.0,0,0,0,0,0,6600,0,479463,479463,0,64.0,True,1.0,0,"WIED, TONY",R,6600,"CROSSON, RICK","WIED, TONY",,0.0,100.0,R
WV,01,1,WV-01,9,7,866455,4675,4.0,27112,2153,1499,2153,50,4625,24959,866455,865455,1000,20.0,True,4.0,-654,"MILLER, CAROL DEVINE",R,4625,"AGUIRRE, BRITTA","MILLER, CAROL DEVINE","RUCKER, ISAIAH PATRICK MR",1.06951871657754,98.93048128342245,R
WV,02,2,WV-02,7,5,389669,8500,3.0,258,0,0,0,500,8000,258,389669,386425,3244,3.0,True,3.0,0,"MOORE, RILEY",R,8000,"WENDELIN, STEVEN COMMANDER USN, (RET)","MOORE, RILEY","CARNEY, PATRICK JOSEPH; WHITCOMB, CHRISTOPHER",5.88235294117647,94.11764705882352,R
WY,AL,0,WY-AL,15,12,905597,520,2.0,3998977,29750,0,0,0,520,3969227,905597,896249,9348,45.0,True,2.0,0,"CHAPMAN, FRANK",R,260,"KINNEY, LISA","CHAPMAN, FRANK",,0.0,100.0,R
