cycle,week_end,tech_canonical_name,company_slug,net_total,cumulative_net_total,gross_positive,n_contributions,n_donors
2026,2025-01-26,a16z,a16z,1000,1000,1000,1,1
2026,2025-02-09,a16z,a16z,1000000,1001000,1000000,2,2
2026,2025-02-23,a16z,a16z,231667,1232667,231667,28,8
2026,2025-03-02,a16z,a16z,16000,1248667,16000,12,3
2026,2025-03-16,a16z,a16z,500,1249167,500,1,1
2026,2025-03-30,a16z,a16z,243333,1492500,246833,37,7
2026,2025-04-06,a16z,a16z,5012000,6504500,5012000,3,3
2026,2025-04-13,a16z,a16z,5000,6509500,5000,1,1
2026,2025-04-20,a16z,a16z,500,6510000,500,1,1
2026,2025-04-27,a16z,a16z,14000,6524000,14000,4,2
2026,2025-05-04,a16z,a16z,10000,6534000,10000,2,2
2026,2025-05-18,a16z,a16z,22500,6556500,22500,4,2
2026,2025-05-25,a16z,a16z,329000,6885500,329000,9,4
2026,2025-06-08,a16z,a16z,500,6886000,500,1,1
2026,2025-06-29,a16z,a16z,26834,6912834,26834,9,5
2026,2025-07-06,a16z,a16z,17500,6930334,17500,7,5
2026,2025-08-03,a16z,a16z,3000,6933334,3000,1,1
2026,2025-08-24,a16z,a16z,25000000,31933334,25000000,2,2
2026,2025-09-14,a16z,a16z,3500,31936834,3500,1,1
2026,2025-09-21,a16z,a16z,102335,32039169,102335,13,6
2026,2025-09-28,a16z,a16z,334499,32373668,337999,75,7
2026,2025-10-05,a16z,a16z,250000,32623668,250000,1,1
2026,2025-11-09,a16z,a16z,67750,32691418,67750,16,6
2026,2025-11-23,a16z,a16z,104033,32795451,107533,22,7
2026,2025-11-30,a16z,a16z,92666,32888117,99666,21,6
2026,2025-12-07,a16z,a16z,5250,32893367,5250,2,2
2026,2025-12-21,a16z,a16z,31000,32924367,31000,9,5
2026,2026-02-01,a16z,a16z,19000,32943367,19000,6,3
2026,2026-02-08,a16z,a16z,12000,32955367,12000,3,2
2026,2026-03-01,a16z,a16z,211800,33167167,211800,12,7
2026,2025-03-30,accel,accel,14000,14000,14000,4,2
2026,2025-04-20,accel,accel,5000,19000,5000,1,1
2026,2025-05-04,accel,accel,12000,31000,12000,1,1
2026,2025-05-11,accel,accel,12500,43500,12500,3,3
2026,2025-07-06,accel,accel,0,43500,0,1,1
2026,2025-07-13,accel,accel,0,43500,0,1,1
2026,2025-07-20,accel,accel,0,43500,0,2,1
2026,2025-07-27,accel,accel,20,43520,20,5,1
2026,2025-08-03,accel,accel,0,43520,0,6,1
2026,2025-08-10,accel,accel,0,43520,0,5,1
2026,2025-08-17,accel,accel,0,43520,0,4,1
2026,2025-08-24,accel,accel,0,43520,0,1,1
2026,2025-08-31,accel,accel,0,43520,0,2,1
2026,2025-09-07,accel,accel,9,43529,9,2,1
2026,2025-09-28,accel,accel,0,43529,0,4,1
2026,2025-10-05,accel,accel,0,43529,0,2,1
2026,2025-10-12,accel,accel,1000,44529,1000,4,2
2026,2025-10-19,accel,accel,0,44529,0,1,1
2026,2025-10-26,accel,accel,0,44529,0,2,1
2026,2025-11-16,accel,accel,0,44529,0,4,1
2026,2025-11-23,accel,accel,15,44544,15,2,1
2026,2025-11-30,accel,accel,7000,51544,7000,3,2
2026,2025-12-07,accel,accel,5000,56544,5000,3,2
2026,2025-12-21,accel,accel,12,56556,12,3,1
2026,2025-12-28,accel,accel,5,56561,5,1,1
2026,2026-01-04,accel,accel,0,56561,0,1,1
2026,2026-02-08,accel,accel,7000,63561,7000,2,1
2026,2026-03-08,accel,accel,9,63570,9,1,1
2026,2023-03-26,amazon,amazon,3300,3300,3300,1,1
2026,2024-12-29,amazon,amazon,150,3450,150,2,2
2026,2025-01-05,amazon,amazon,2451,5901,2501,53,26
2026,2025-01-12,amazon,amazon,1784,7685,1784,68,24
2026,2025-01-19,amazon,amazon,10144,17829,10145,121,41
2026,2025-01-26,amazon,amazon,9412,27241,9412,84,32
2026,2025-02-02,amazon,amazon,33662,60903,33662,189,141
2026,2025-02-09,amazon,amazon,6774,67677,6982,74,42
2026,2025-02-16,amazon,amazon,12570,80247,12570,105,54
2026,2025-02-23,amazon,amazon,11634,91881,11634,98,47
2026,2025-03-02,amazon,amazon,38676,130557,38676,268,166
2026,2025-03-09,amazon,amazon,9500,140057,9500,111,49
2026,2025-03-16,amazon,amazon,15863,155920,15863,159,104
2026,2025-03-23,amazon,amazon,11987,167907,11987,114,53
2026,2025-03-30,amazon,amazon,94354,262261,94354,178,108
2026,2025-04-06,amazon,amazon,52206,314467,52206,327,274
2026,2025-04-13,amazon,amazon,15698,330165,15698,134,93
2026,2025-04-20,amazon,amazon,5884,336049,5884,90,44
2026,2025-04-27,amazon,amazon,20038,356087,20038,183,120
2026,2025-05-04,amazon,amazon,47381,403468,47381,360,272
2026,2025-05-11,amazon,amazon,11023,414491,11023,184,132
2026,2025-05-18,amazon,amazon,13573,428064,13573,82,50
2026,2025-05-25,amazon,amazon,17667,445731,17667,191,139
2026,2025-06-01,amazon,amazon,47314,493045,47314,348,297
2026,2025-06-08,amazon,amazon,9842,502887,9842,178,132
2026,2025-06-15,amazon,amazon,65964,568851,65964,125,56
2026,2025-06-22,amazon,amazon,19246,588097,19246,219,160
2026,2025-06-29,amazon,amazon,24106,612203,24106,141,64
2026,2025-07-06,amazon,amazon,75603,687806,75603,594,515
2026,2025-07-13,amazon,amazon,11546,699352,11546,115,63
2026,2025-07-20,amazon,amazon,18580,717932,18580,216,171
2026,2025-07-27,amazon,amazon,13466,731398,13466,125,64
2026,2025-08-03,amazon,amazon,52821,784219,52821,529,492
2026,2025-08-10,amazon,amazon,9617,793836,9617,109,78
2026,2025-08-17,amazon,amazon,21415,815251,23182,230,165
2026,2025-08-24,amazon,amazon,12170,827421,12388,127,68
2026,2025-08-31,amazon,amazon,59196,886617,59231,569,540
2026,2025-09-07,amazon,amazon,7731,894348,7731,118,92
2026,2025-09-14,amazon,amazon,21732,916080,21732,230,210
2026,2025-09-21,amazon,amazon,29941,946021,29941,111,80
2026,2025-09-28,amazon,amazon,41692,987713,43192,293,243
2026,2025-10-05,amazon,amazon,81109,1068822,81109,663,609
2026,2025-10-12,amazon,amazon,19184,1088006,19184,287,248
2026,2025-10-19,amazon,amazon,15466,1103472,15466,154,85
2026,2025-10-26,amazon,amazon,42485,1145957,42533,308,245
2026,2025-11-02,amazon,amazon,60006,1205963,60106,659,590
2026,2025-11-09,amazon,amazon,21298,1227261,21490,392,262
2026,2025-11-16,amazon,amazon,37443,1264704,37443,194,78
2026,2025-11-23,amazon,amazon,19809,1284513,19809,351,247
2026,2025-11-30,amazon,amazon,60056,1344569,60056,689,595
2026,2025-12-07,amazon,amazon,21623,1366192,21623,345,269
2026,2025-12-14,amazon,amazon,14003,1380195,14003,163,73
2026,2025-12-21,amazon,amazon,61660,1441855,62660,374,249
2026,2025-12-28,amazon,amazon,17781,1459636,18006,234,94
2026,2026-01-04,amazon,amazon,65574,1525210,65574,629,565
2026,2026-01-11,amazon,amazon,1787,1526997,1787,13,12
2026,2026-01-18,amazon,amazon,6551,1533548,6551,23,18
2026,2026-01-25,amazon,amazon,4092,1537640,4092,17,16
2026,2026-02-01,amazon,amazon,34676,1572316,34676,109,104
2026,2026-02-08,amazon,amazon,3337,1575653,3337,14,12
2026,2026-02-15,amazon,amazon,4303,1579956,4303,27,26
2026,2026-02-22,amazon,amazon,580,1580536,580,7,7
2026,2026-03-01,amazon,amazon,30524,1611060,30524,114,113
2026,2026-03-08,amazon,amazon,12671,1623731,12671,8,4
2026,2026-03-15,amazon,amazon,210,1623941,210,2,2
2026,2026-03-22,amazon,amazon,15,1623956,15,1,1
2026,2026-03-29,amazon,amazon,2785,1626741,2785,4,4
2026,2026-04-05,amazon,amazon,1500,1628241,1500,3,3
2026,2023-11-05,amd,amd,5000,5000,5000,1,1
2026,2025-02-02,amd,amd,7000,12000,7000,2,1
2026,2025-02-09,amd,amd,250,12250,250,1,1
2026,2025-02-16,amd,amd,5000,17250,5000,1,1
2026,2025-02-23,amd,amd,2250,19500,2250,2,2
2026,2025-03-09,amd,amd,250,19750,250,1,1
2026,2025-03-23,amd,amd,600,20350,600,3,2
2026,2025-03-30,amd,amd,50,20400,50,1,1
2026,2025-04-06,amd,amd,500,20900,500,1,1
2026,2025-04-13,amd,amd,1000,21900,1000,1,1
2026,2025-04-20,amd,amd,150,22050,150,2,2
2026,2025-04-27,amd,amd,1087,23137,1087,4,3
2026,2025-05-04,amd,amd,3510,26647,3510,4,4
2026,2025-05-18,amd,amd,150,26797,150,3,2
2026,2025-05-25,amd,amd,125,26922,125,2,2
2026,2025-06-01,amd,amd,8900,35822,8900,5,4
2026,2025-06-08,amd,amd,10,35832,10,1,1
2026,2025-06-22,amd,amd,51936,87768,51936,9,6
2026,2025-06-29,amd,amd,175,87943,5875,5,4
2026,2025-07-06,amd,amd,5150,93093,5150,5,5
2026,2025-07-13,amd,amd,2518,95611,2518,2,2
2026,2025-07-20,amd,amd,248,95859,248,5,4
2026,2025-07-27,amd,amd,3365,99224,3365,7,6
2026,2025-08-03,amd,amd,2110,101334,2110,4,4
2026,2025-08-10,amd,amd,509,101843,509,2,2
2026,2025-08-17,amd,amd,1136,102979,1136,4,3
2026,2025-08-24,amd,amd,173,103152,173,4,3
2026,2025-09-07,amd,amd,71,103223,71,3,3
2026,2025-09-14,amd,amd,3268,106491,3268,4,4
2026,2025-09-21,amd,amd,150,106641,150,3,2
2026,2025-09-28,amd,amd,4836,111477,4836,7,7
2026,2025-10-05,amd,amd,6803,118280,6803,13,9
2026,2025-10-12,amd,amd,411,118691,411,4,4
2026,2025-10-19,amd,amd,3950,122641,3950,6,5
2026,2025-10-26,amd,amd,822,123463,822,4,3
2026,2025-11-02,amd,amd,7600,131063,7600,8,7
2026,2025-11-09,amd,amd,421,131484,421,5,5
2026,2025-11-16,amd,amd,165,131649,165,2,2
2026,2025-11-23,amd,amd,186,131835,186,4,3
2026,2025-11-30,amd,amd,1050,132885,1050,2,2
2026,2025-12-07,amd,amd,585,133470,585,4,4
2026,2025-12-14,amd,amd,2325,135795,2325,8,7
2026,2025-12-21,amd,amd,200,135995,200,4,3
2026,2026-01-04,amd,amd,8045,144040,8045,7,5
2026,2026-01-11,amd,amd,475,144515,475,2,2
2026,2026-01-18,amd,amd,450,144965,450,2,2
2026,2026-01-25,amd,amd,572,145537,572,2,2
2026,2026-02-01,amd,amd,536,146073,536,2,2
2026,2026-02-08,amd,amd,576,146649,576,4,4
2026,2026-02-15,amd,amd,505,147154,505,4,4
2026,2026-03-01,amd,amd,636,147790,636,4,2
2026,2026-03-15,amd,amd,250,148040,250,1,1
2026,2026-03-22,amd,amd,300,148340,300,1,1
2026,2025-01-19,anduril,anduril,250,250,250,1,1
2026,2025-02-16,anduril,anduril,3500,3750,3500,2,2
2026,2025-02-23,anduril,anduril,250,4000,250,1,1
2026,2025-03-02,anduril,anduril,104500,108500,104500,30,6
2026,2025-03-09,anduril,anduril,14000,122500,14700,6,4
2026,2025-03-16,anduril,anduril,141100,263600,141100,21,3
2026,2025-03-23,anduril,anduril,37250,300850,37250,14,4
2026,2025-03-30,anduril,anduril,68000,368850,74800,27,4
2026,2025-04-06,anduril,anduril,106800,475650,106800,5,2
2026,2025-04-13,anduril,anduril,3500,479150,3500,2,2
2026,2025-04-20,anduril,anduril,250,479400,1050,3,2
2026,2025-04-27,anduril,anduril,800,480200,800,3,1
2026,2025-05-04,anduril,anduril,7050,487250,7050,3,2
2026,2025-05-18,anduril,anduril,250250,737500,250250,4,2
2026,2025-06-01,anduril,anduril,5050,742550,5050,3,3
2026,2025-06-15,anduril,anduril,11750,754300,11750,4,3
2026,2025-06-22,anduril,anduril,9300,763600,9300,5,3
2026,2025-06-29,anduril,anduril,89050,852650,89050,2,2
2026,2025-07-06,anduril,anduril,42838,895488,42838,17,12
2026,2025-08-03,anduril,anduril,17650,913138,17650,9,1
2026,2025-08-10,anduril,anduril,50,913188,50,1,1
2026,2025-08-31,anduril,anduril,5000,918188,5000,1,1
2026,2025-09-14,anduril,anduril,8750,926938,8750,4,3
2026,2025-09-28,anduril,anduril,2625,929563,2625,2,2
2026,2025-10-05,anduril,anduril,13500,943063,15000,5,2
2026,2025-10-12,anduril,anduril,1000,944063,1000,1,1
2026,2025-10-19,anduril,anduril,500,944563,500,1,1
2026,2025-10-26,anduril,anduril,352,944915,352,3,2
2026,2025-11-02,anduril,anduril,5436,950351,5436,4,4
2026,2025-11-09,anduril,anduril,500,950851,500,1,1
2026,2025-11-16,anduril,anduril,6250,957101,6250,3,3
2026,2025-11-23,anduril,anduril,1550,958651,1550,6,3
2026,2025-11-30,anduril,anduril,3113,961764,3113,4,4
2026,2025-12-14,anduril,anduril,115700,1077464,115700,25,6
2026,2025-12-21,anduril,anduril,39505,1116969,39505,11,11
2026,2025-12-28,anduril,anduril,25,1116994,25,1,1
2026,2026-01-04,anduril,anduril,53029,1170023,53029,24,22
2026,2026-01-11,anduril,anduril,1000,1171023,1000,1,1
2026,2026-01-25,anduril,anduril,5000,1176023,5000,1,1
2026,2026-02-01,anduril,anduril,6843,1182866,6843,14,14
2026,2026-02-08,anduril,anduril,5000,1187866,5000,1,1
2026,2026-02-22,anduril,anduril,10000,1197866,10000,2,2
2026,2026-03-01,anduril,anduril,94013,1291879,94013,21,20
2026,2026-03-15,anduril,anduril,7000,1298879,7000,2,1
2026,2026-03-22,anduril,anduril,7000,1305879,7000,2,1
2026,2023-06-18,anthropic,anthropic,3300,3300,3300,1,1
2026,2023-07-02,anthropic,anthropic,3300,6600,3300,1,1
2026,2025-02-02,anthropic,anthropic,23100,29700,23100,8,4
2026,2025-02-09,anthropic,anthropic,1000,30700,1000,1,1
2026,2025-03-02,anthropic,anthropic,4000,34700,4000,2,1
2026,2025-03-09,anthropic,anthropic,7250,41950,7250,2,2
2026,2025-03-16,anthropic,anthropic,8000,49950,8000,3,2
2026,2025-03-23,anthropic,anthropic,6000,55950,6000,3,3
2026,2025-03-30,anthropic,anthropic,14000,69950,14000,2,1
2026,2025-04-06,anthropic,anthropic,250,70200,250,1,1
2026,2025-04-27,anthropic,anthropic,5000,75200,5000,1,1
2026,2025-05-04,anthropic,anthropic,250,75450,250,1,1
2026,2025-05-18,anthropic,anthropic,7000,82450,7000,2,1
2026,2025-06-01,anthropic,anthropic,8000,90450,8000,2,2
2026,2025-06-08,anthropic,anthropic,15700,106150,15700,5,3
2026,2025-06-15,anthropic,anthropic,7000,113150,7000,2,1
2026,2025-06-22,anthropic,anthropic,1000,114150,1000,2,2
2026,2025-06-29,anthropic,anthropic,34400,148550,34400,11,8
2026,2025-07-06,anthropic,anthropic,2500,151050,6000,3,2
2026,2025-07-13,anthropic,anthropic,10000,161050,10000,3,2
2026,2025-07-20,anthropic,anthropic,12000,173050,12000,3,2
2026,2025-07-27,anthropic,anthropic,16500,189550,16500,5,2
2026,2025-08-10,anthropic,anthropic,14000,203550,14000,3,2
2026,2025-08-24,anthropic,anthropic,7000,210550,7000,2,1
2026,2025-08-31,anthropic,anthropic,31500,242050,31500,9,3
2026,2025-09-07,anthropic,anthropic,14500,256550,18000,7,4
2026,2025-09-14,anthropic,anthropic,7100,263650,7100,3,2
2026,2025-09-21,anthropic,anthropic,26000,289650,26000,9,5
2026,2025-09-28,anthropic,anthropic,4750,294400,4750,4,4
2026,2025-10-05,anthropic,anthropic,13250,307650,13750,8,5
2026,2025-10-12,anthropic,anthropic,45600,353250,47100,18,7
2026,2025-10-19,anthropic,anthropic,33500,386750,33500,9,4
2026,2025-10-26,anthropic,anthropic,269700,656450,269700,77,27
2026,2025-11-02,anthropic,anthropic,33000,689450,33000,6,2
2026,2025-11-09,anthropic,anthropic,22286,711736,22286,6,2
2026,2025-11-16,anthropic,anthropic,3600,715336,3600,2,2
2026,2025-11-23,anthropic,anthropic,12500,727836,12500,3,3
2026,2025-11-30,anthropic,anthropic,30500,758336,30500,6,5
2026,2025-12-07,anthropic,anthropic,12000,770336,12000,4,2
2026,2025-12-14,anthropic,anthropic,54100,824436,54100,11,6
2026,2025-12-21,anthropic,anthropic,45500,869936,45500,5,5
2026,2025-12-28,anthropic,anthropic,1000,870936,1000,1,1
2026,2026-01-04,anthropic,anthropic,65900,936836,65900,24,13
2026,2026-01-18,anthropic,anthropic,88866,1025702,88866,4,3
2026,2026-01-25,anthropic,anthropic,1111,1026813,1111,1,1
2026,2026-02-01,anthropic,anthropic,34000,1060813,34000,8,2
2026,2026-02-08,anthropic,anthropic,101300,1162113,101300,10,3
2026,2026-02-15,anthropic,anthropic,25000,1187113,25000,4,2
2026,2026-02-22,anthropic,anthropic,116600,1303713,116600,14,3
2026,2026-03-01,anthropic,anthropic,7500,1311213,7500,2,2
2026,2026-03-15,anthropic,anthropic,3500,1314713,3500,1,1
2026,2023-06-11,apple,apple,500,500,500,1,1
2026,2023-06-18,apple,apple,250,750,250,1,1
2026,2025-01-05,apple,apple,481,1231,481,9,9
2026,2025-01-12,apple,apple,6535,7766,6535,20,12
2026,2025-01-19,apple,apple,8532,16298,8532,22,19
2026,2025-01-26,apple,apple,8104,24402,8104,21,19
2026,2025-02-02,apple,apple,4931,29333,4931,22,20
2026,2025-02-09,apple,apple,13744,43077,13744,28,23
2026,2025-02-16,apple,apple,5931,49008,5931,20,18
2026,2025-02-23,apple,apple,25430,74438,28930,46,36
2026,2025-03-02,apple,apple,10049,84487,10049,49,41
2026,2025-03-09,apple,apple,18728,103215,22228,35,26
2026,2025-03-16,apple,apple,12029,115244,12029,38,31
2026,2025-03-23,apple,apple,19126,134370,19126,47,41
2026,2025-03-30,apple,apple,24205,158575,24205,55,41
2026,2025-04-06,apple,apple,13370,171945,14870,51,41
2026,2025-04-13,apple,apple,3074,175019,3074,28,26
2026,2025-04-20,apple,apple,6097,181116,6097,48,44
2026,2025-04-27,apple,apple,4140,185256,4140,31,27
2026,2025-05-04,apple,apple,7186,192442,7186,43,37
2026,2025-05-11,apple,apple,12150,204592,12150,30,25
2026,2025-05-18,apple,apple,6872,211464,6872,49,41
2026,2025-05-25,apple,apple,6116,217580,6116,50,43
2026,2025-06-01,apple,apple,7991,225571,8303,49,37
2026,2025-06-08,apple,apple,3129,228700,3129,34,28
2026,2025-06-15,apple,apple,11579,240279,11579,54,43
2026,2025-06-22,apple,apple,3726,244005,3726,54,46
2026,2025-06-29,apple,apple,19508,263513,19508,48,42
2026,2025-07-06,apple,apple,6846,270359,6846,55,50
2026,2025-07-13,apple,apple,10666,281025,10666,51,42
2026,2025-07-20,apple,apple,9989,291014,9989,70,58
2026,2025-07-27,apple,apple,6779,297793,6779,65,52
2026,2025-08-03,apple,apple,5328,303121,5328,65,49
2026,2025-08-10,apple,apple,4566,307687,4566,56,41
2026,2025-08-17,apple,apple,8162,315849,8162,64,45
2026,2025-08-24,apple,apple,5594,321443,5594,74,55
2026,2025-08-31,apple,apple,7832,329275,7832,61,46
2026,2025-09-07,apple,apple,13249,342524,13249,58,47
2026,2025-09-14,apple,apple,25838,368362,25838,81,59
2026,2025-09-21,apple,apple,30295,398657,30295,94,71
2026,2025-09-28,apple,apple,22411,421068,22411,84,64
2026,2025-10-05,apple,apple,22480,443548,22480,79,58
2026,2025-10-12,apple,apple,18593,462141,18593,80,63
2026,2025-10-19,apple,apple,14196,476337,14196,98,75
2026,2025-10-26,apple,apple,43507,519844,43507,86,76
2026,2025-11-02,apple,apple,9172,529016,9172,69,61
2026,2025-11-09,apple,apple,6722,535738,6722,70,60
2026,2025-11-16,apple,apple,7754,543492,7754,74,57
2026,2025-11-23,apple,apple,8193,551685,8193,67,57
2026,2025-11-30,apple,apple,8573,560258,8573,80,68
2026,2025-12-07,apple,apple,3923,564181,3923,68,57
2026,2025-12-14,apple,apple,7414,571595,7414,65,57
2026,2025-12-21,apple,apple,6828,578423,6828,79,67
2026,2025-12-28,apple,apple,6942,585365,6942,72,63
2026,2026-01-04,apple,apple,30342,615707,30342,39,34
2026,2026-01-11,apple,apple,11399,627106,11399,13,11
2026,2026-01-18,apple,apple,2974,630080,2974,12,12
2026,2026-01-25,apple,apple,2396,632476,2396,15,14
2026,2026-02-01,apple,apple,10370,642846,10370,22,21
2026,2026-02-08,apple,apple,8676,651522,8676,17,14
2026,2026-02-15,apple,apple,13090,664612,13090,12,12
2026,2026-02-22,apple,apple,2125,666737,2125,4,4
2026,2026-03-01,apple,apple,5150,671887,5150,10,9
2026,2026-03-15,apple,apple,250,672137,250,1,1
2026,2026-03-22,apple,apple,500,672637,500,2,2
2026,2026-03-29,apple,apple,500,673137,500,2,2
2026,2025-03-16,benchmark,benchmark,7000,7000,7000,2,1
2026,2025-01-19,coinbase,coinbase,1000,1000,1000,1,1
2026,2025-02-23,coinbase,coinbase,7000,8000,7000,1,1
2026,2025-03-02,coinbase,coinbase,10000,18000,10000,4,1
2026,2025-03-09,coinbase,coinbase,5500,23500,5500,3,2
2026,2025-03-16,coinbase,coinbase,500,24000,500,1,1
2026,2025-03-23,coinbase,coinbase,29000,53000,29000,3,2
2026,2025-03-30,coinbase,coinbase,500,53500,500,1,1
2026,2025-04-06,coinbase,coinbase,64800,118300,64800,18,3
2026,2025-04-13,coinbase,coinbase,25050,143350,25050,2,2
2026,2025-04-20,coinbase,coinbase,89600,232950,89600,3,2
2026,2025-04-27,coinbase,coinbase,20500,253450,20500,3,2
2026,2025-05-04,coinbase,coinbase,6000,259450,9500,3,1
2026,2025-05-11,coinbase,coinbase,44350,303800,44350,2,2
2026,2025-05-25,coinbase,coinbase,8000,311800,8000,4,3
2026,2025-06-01,coinbase,coinbase,5,311805,5,1,1
2026,2025-06-08,coinbase,coinbase,9000,320805,9000,3,3
2026,2025-06-15,coinbase,coinbase,10050,330855,13550,6,4
2026,2025-06-22,coinbase,coinbase,29000,359855,32500,8,1
2026,2025-06-29,coinbase,coinbase,69100,428955,76100,21,3
2026,2025-07-06,coinbase,coinbase,43250,472205,43250,15,7
2026,2025-07-13,coinbase,coinbase,50,472255,50,1,1
2026,2025-07-20,coinbase,coinbase,5250,477505,5250,2,2
2026,2025-07-27,coinbase,coinbase,3500,481005,3500,1,1
2026,2025-08-10,coinbase,coinbase,5050,486055,5050,2,2
2026,2025-08-17,coinbase,coinbase,4500,490555,4500,2,2
2026,2025-08-24,coinbase,coinbase,3500,494055,3500,1,1
2026,2025-08-31,coinbase,coinbase,50,494105,50,1,1
2026,2025-09-07,coinbase,coinbase,14000,508105,14000,5,4
2026,2025-09-14,coinbase,coinbase,18050,526155,18050,4,3
2026,2025-09-21,coinbase,coinbase,16050,542205,16050,12,7
2026,2025-09-28,coinbase,coinbase,11550,553755,11550,5,4
2026,2025-10-05,coinbase,coinbase,25500,579255,25500,8,3
2026,2025-10-12,coinbase,coinbase,21050,600305,21050,7,3
2026,2025-10-19,coinbase,coinbase,12292,612597,13792,7,4
2026,2025-10-26,coinbase,coinbase,50,612647,50,1,1
2026,2025-11-02,coinbase,coinbase,3500,616147,3500,1,1
2026,2025-11-09,coinbase,coinbase,11431,627578,14931,9,6
2026,2025-11-23,coinbase,coinbase,7000,634578,7000,2,1
2026,2025-11-30,coinbase,coinbase,7450,642028,10750,7,4
2026,2025-12-07,coinbase,coinbase,10525,652553,10525,3,3
2026,2025-12-14,coinbase,coinbase,21193,673746,21193,8,4
2026,2025-12-21,coinbase,coinbase,48751,722497,53751,19,6
2026,2025-12-28,coinbase,coinbase,7550,730047,7550,4,4
2026,2026-01-04,coinbase,coinbase,4100,734147,4100,3,3
2026,2026-02-01,coinbase,coinbase,250,734397,250,1,1
2026,2026-02-08,coinbase,coinbase,1000,735397,1000,1,1
2026,2026-02-22,coinbase,coinbase,275,735672,275,1,1
2026,2026-03-29,coinbase,coinbase,6500,742172,6500,2,2
2026,2026-04-05,coinbase,coinbase,3500,745672,3500,1,1
2026,2025-03-16,coreweave,coreweave,3675,3675,3675,2,1
2026,2025-03-30,coreweave,coreweave,50,3725,50,1,1
2026,2025-04-06,coreweave,coreweave,50,3775,50,1,1
2026,2025-05-18,coreweave,coreweave,500,4275,500,1,1
2026,2025-06-08,coreweave,coreweave,125,4400,125,1,1
2026,2025-06-22,coreweave,coreweave,125,4525,125,1,1
2026,2025-07-20,coreweave,coreweave,1500,6025,1500,1,1
2026,2025-09-21,coreweave,coreweave,3500,9525,3500,2,2
2026,2025-09-28,coreweave,coreweave,100,9625,100,1,1
2026,2025-10-05,coreweave,coreweave,50,9675,50,1,1
2026,2025-10-19,coreweave,coreweave,550,10225,550,2,2
2026,2025-11-09,coreweave,coreweave,3500,13725,3500,1,1
2026,2025-11-23,coreweave,coreweave,500,14225,500,1,1
2026,2025-11-30,coreweave,coreweave,100,14325,100,1,1
2026,2026-01-04,coreweave,coreweave,25,14350,25,1,1
2026,2026-02-08,coreweave,coreweave,500,14850,500,1,1
2026,2025-01-26,ebay,ebay,1040,1040,1040,6,6
2026,2025-02-09,ebay,ebay,1415,2455,1415,10,10
2026,2025-02-23,ebay,ebay,1770,4225,1770,12,12
2026,2025-03-09,ebay,ebay,1866,6091,1866,18,18
2026,2025-03-23,ebay,ebay,2106,8197,2106,24,24
2026,2025-04-06,ebay,ebay,2130,10327,2130,25,25
2026,2025-04-20,ebay,ebay,2130,12457,2130,25,25
2026,2025-05-04,ebay,ebay,2280,14737,2280,27,27
2026,2025-05-18,ebay,ebay,7180,21917,7180,28,28
2026,2025-06-01,ebay,ebay,2220,24137,2220,33,33
2026,2025-06-15,ebay,ebay,2240,26377,2240,34,34
2026,2025-06-29,ebay,ebay,2300,28677,2300,35,35
2026,2025-07-13,ebay,ebay,2490,31167,2490,42,42
2026,2025-07-20,ebay,ebay,20,31187,20,1,1
2026,2025-07-27,ebay,ebay,2720,33907,2720,42,42
2026,2025-08-10,ebay,ebay,2470,36377,2470,41,41
2026,2025-08-24,ebay,ebay,2530,38907,2530,42,42
2026,2025-08-31,ebay,ebay,250,39157,250,1,1
2026,2025-09-07,ebay,ebay,2534,41691,2534,43,43
2026,2025-09-21,ebay,ebay,2534,44225,2534,43,43
2026,2025-09-28,ebay,ebay,250,44475,250,1,1
2026,2025-10-05,ebay,ebay,2534,47009,2534,43,43
2026,2025-10-19,ebay,ebay,2634,49643,2634,53,53
2026,2025-10-26,ebay,ebay,250,49893,250,1,1
2026,2025-11-16,ebay,ebay,2906,52799,2906,56,56
2026,2025-11-30,ebay,ebay,3346,56145,3346,58,58
2026,2025-12-14,ebay,ebay,4696,60841,4696,66,66
2026,2025-12-28,ebay,ebay,4034,64875,4034,67,67
2026,2026-01-11,ebay,ebay,5000,69875,5000,1,1
2026,2026-01-25,ebay,ebay,1422,71297,1422,8,8
2026,2026-02-01,ebay,ebay,317,71614,317,1,1
2026,2026-02-08,ebay,ebay,3197,74811,3197,26,26
2026,2026-03-01,ebay,ebay,324,75135,324,1,1
2026,2023-03-05,google,google,3300,3300,3300,1,1
2026,2023-04-16,google,google,1600,4900,1600,2,2
2026,2023-06-11,google,google,1100,6000,1100,2,2
2026,2023-07-02,google,google,3300,9300,3300,1,1
2026,2024-12-29,google,google,175,9475,175,2,2
2026,2025-01-05,google,google,29289,38764,29289,174,170
2026,2025-01-12,google,google,8412,47176,8412,26,21
2026,2025-01-19,google,google,49280,96456,49780,192,185
2026,2025-01-26,google,google,12895,109351,12895,35,29
2026,2025-02-02,google,google,57688,167039,57688,211,201
2026,2025-02-09,google,google,20917,187956,20917,51,40
2026,2025-02-16,google,google,58778,246734,59278,223,206
2026,2025-02-23,google,google,44255,290989,47755,58,44
2026,2025-03-02,google,google,66717,357706,74717,257,233
2026,2025-03-09,google,google,24852,382558,24852,57,44
2026,2025-03-16,google,google,92429,474987,92429,261,240
2026,2025-03-23,google,google,100402,575389,104902,92,69
2026,2025-03-30,google,google,95284,670673,95284,290,260
2026,2025-04-06,google,google,173418,844091,173418,92,75
2026,2025-04-13,google,google,46859,890950,46859,288,271
2026,2025-04-20,google,google,20079,911029,21079,71,54
2026,2025-04-27,google,google,49316,960345,49316,308,291
2026,2025-05-04,google,google,13582,973927,17082,65,60
2026,2025-05-11,google,google,52167,1026094,52192,338,310
2026,2025-05-18,google,google,535632,1561726,535632,69,46
2026,2025-05-25,google,google,55635,1617361,55635,327,308
2026,2025-06-01,google,google,82647,1700008,82647,111,81
2026,2025-06-08,google,google,85786,1785794,94286,343,319
2026,2025-06-15,google,google,25616,1811410,25616,80,67
2026,2025-06-22,google,google,50614,1862024,50614,338,322
2026,2025-06-29,google,google,43934,1905958,43934,84,68
2026,2025-07-06,google,google,97701,2003659,104701,394,359
2026,2025-07-13,google,google,27096,2030755,27096,113,78
2026,2025-07-20,google,google,45618,2076373,46618,342,313
2026,2025-07-27,google,google,7252,2083625,14252,107,80
2026,2025-08-03,google,google,45021,2128646,45021,355,334
2026,2025-08-10,google,google,38570,2167216,38570,102,81
2026,2025-08-17,google,google,49471,2216687,49471,341,310
2026,2025-08-24,google,google,26167,2242854,34467,106,89
2026,2025-08-31,google,google,106756,2349610,106756,385,335
2026,2025-09-07,google,google,31141,2380751,34641,132,97
2026,2025-09-14,google,google,63212,2443963,63212,358,336
2026,2025-09-21,google,google,37556,2481519,37556,125,98
2026,2025-09-28,google,google,84061,2565580,84061,379,344
2026,2025-10-05,google,google,68831,2634411,74431,213,166
2026,2025-10-12,google,google,66223,2700634,66223,518,488
2026,2025-10-19,google,google,53185,2753819,53185,125,104
2026,2025-10-26,google,google,198608,2952427,198608,582,526
2026,2025-11-02,google,google,78420,3030847,78420,174,137
2026,2025-11-09,google,google,88771,3119618,88771,561,522
2026,2025-11-16,google,google,57332,3176950,57332,124,99
2026,2025-11-23,google,google,80378,3257328,80378,543,511
2026,2025-11-30,google,google,24157,3281485,24157,155,128
2026,2025-12-07,google,google,308817,3590302,309817,572,538
2026,2025-12-14,google,google,57498,3647800,60798,145,115
2026,2025-12-21,google,google,100914,3748714,102214,582,548
2026,2025-12-28,google,google,79490,3828204,83190,153,119
2026,2026-01-04,google,google,112732,3940936,112732,272,246
2026,2026-01-11,google,google,1186,3942122,1186,9,9
2026,2026-01-18,google,google,33970,3976092,33970,176,174
2026,2026-01-25,google,google,14314,3990406,14314,27,25
2026,2026-02-01,google,google,37335,4027741,37335,184,181
2026,2026-02-08,google,google,195791,4223532,195791,28,25
2026,2026-02-15,google,google,43260,4266792,43260,200,199
2026,2026-02-22,google,google,9982,4276774,9982,15,14
2026,2026-03-01,google,google,55123,4331897,55123,200,198
2026,2026-03-08,google,google,1607,4333504,1607,4,4
2026,2026-03-15,google,google,4500,4338004,4500,6,6
2026,2026-03-22,google,google,875,4338879,875,4,4
2026,2026-04-05,google,google,5500,4344379,5500,2,2
2026,2025-03-09,greylock,greylock,1000,1000,1000,1,1
2026,2025-03-30,greylock,greylock,15500,16500,15500,2,1
2026,2025-04-06,greylock,greylock,150000,166500,150000,1,1
2026,2025-05-18,greylock,greylock,329100,495600,332600,4,1
2026,2025-06-22,greylock,greylock,7000,502600,7000,2,1
2026,2025-07-06,greylock,greylock,14000,516600,14000,4,2
2026,2025-08-03,greylock,greylock,10500,527100,10500,3,1
2026,2025-08-17,greylock,greylock,12000,539100,12000,1,1
2026,2025-08-31,greylock,greylock,134000,673100,134000,1,1
2026,2025-09-21,greylock,greylock,50000,723100,50000,1,1
2026,2025-10-05,greylock,greylock,22000,745100,25500,3,2
2026,2025-10-12,greylock,greylock,500000,1245100,500000,1,1
2026,2025-10-19,greylock,greylock,250000,1495100,250000,1,1
2026,2025-11-09,greylock,greylock,10000,1505100,10000,1,1
2026,2025-11-16,greylock,greylock,50000,1555100,50000,2,1
2026,2025-12-07,greylock,greylock,105000,1660100,105000,2,1
2026,2025-12-28,greylock,greylock,12500,1672600,12500,2,2
2026,2026-01-04,greylock,greylock,53000,1725600,53000,5,2
2026,2026-02-01,greylock,greylock,500000,2225600,500000,1,1
2026,2026-02-15,greylock,greylock,471000,2696600,471000,3,2
2026,2026-03-01,greylock,greylock,7000,2703600,7000,1,1
2026,2026-03-08,greylock,greylock,0,2703600,3500,2,1
2026,2026-03-22,greylock,greylock,10000,2713600,10000,1,1
2026,2025-02-02,groq,groq,31,31,31,1,1
2026,2025-03-02,groq,groq,31,62,31,1,1
2026,2025-03-30,groq,groq,31,93,31,1,1
2026,2025-05-04,groq,groq,31,124,31,1,1
2026,2025-06-01,groq,groq,31,155,31,1,1
2026,2025-06-08,groq,groq,250000,250155,250000,3,1
2026,2025-07-06,groq,groq,7031,257186,7031,3,2
2026,2025-07-20,groq,groq,250,257436,250,1,1
2026,2025-08-03,groq,groq,31,257467,31,1,1
2026,2025-08-31,groq,groq,31,257498,31,1,1
2026,2025-10-05,groq,groq,31,257529,31,1,1
2026,2025-01-05,ibm,ibm,1344,1344,1344,19,10
2026,2025-01-12,ibm,ibm,509,1853,509,20,12
2026,2025-01-19,ibm,ibm,1611,3464,1611,20,15
2026,2025-01-26,ibm,ibm,3112,6576,3112,16,11
2026,2025-02-02,ibm,ibm,2243,8819,2243,24,18
2026,2025-02-09,ibm,ibm,1916,10735,1916,34,19
2026,2025-02-16,ibm,ibm,2887,13622,2887,36,17
2026,2025-02-23,ibm,ibm,2389,16011,2597,39,23
2026,2025-03-02,ibm,ibm,4946,20957,4946,41,30
2026,2025-03-09,ibm,ibm,4695,25652,4799,37,26
2026,2025-03-16,ibm,ibm,6666,32318,6666,52,23
2026,2025-03-23,ibm,ibm,3164,35482,3164,36,24
2026,2025-03-30,ibm,ibm,7492,42974,7492,39,32
2026,2025-04-06,ibm,ibm,4807,47781,4807,33,24
2026,2025-04-13,ibm,ibm,3133,50914,3133,66,34
2026,2025-04-20,ibm,ibm,6123,57037,6123,50,27
2026,2025-04-27,ibm,ibm,5363,62400,5363,43,24
2026,2025-05-04,ibm,ibm,4376,66776,4376,43,33
2026,2025-05-11,ibm,ibm,3156,69932,3156,43,30
2026,2025-05-18,ibm,ibm,10282,80214,10282,38,25
2026,2025-05-25,ibm,ibm,3627,83841,3627,41,27
2026,2025-06-01,ibm,ibm,3072,86913,3072,46,36
2026,2025-06-08,ibm,ibm,5073,91986,5073,28,24
2026,2025-06-15,ibm,ibm,12654,104640,12654,49,30
2026,2025-06-22,ibm,ibm,1609,106249,1609,41,30
2026,2025-06-29,ibm,ibm,12667,118916,12667,57,41
2026,2025-07-06,ibm,ibm,5378,124294,5378,62,41
2026,2025-07-13,ibm,ibm,1628,125922,1628,43,30
2026,2025-07-20,ibm,ibm,9075,134997,19575,43,36
2026,2025-07-27,ibm,ibm,2233,137230,2233,47,36
2026,2025-08-03,ibm,ibm,7213,144443,7213,63,48
2026,2025-08-10,ibm,ibm,5005,149448,5005,29,22
2026,2025-08-17,ibm,ibm,1358,150806,1358,29,25
2026,2025-08-24,ibm,ibm,4247,155053,4247,53,40
2026,2025-08-31,ibm,ibm,4768,159821,4768,65,51
2026,2025-09-07,ibm,ibm,3319,163140,3319,52,38
2026,2025-09-14,ibm,ibm,3038,166178,3038,51,37
2026,2025-09-21,ibm,ibm,3443,169621,3443,55,37
2026,2025-09-28,ibm,ibm,10915,180536,10915,80,56
2026,2025-10-05,ibm,ibm,4899,185435,4899,70,52
2026,2025-10-12,ibm,ibm,2061,187496,2061,49,37
2026,2025-10-19,ibm,ibm,3274,190770,3274,54,40
2026,2025-10-26,ibm,ibm,5610,196380,5610,57,41
2026,2025-11-02,ibm,ibm,5733,202113,5733,77,58
2026,2025-11-09,ibm,ibm,5004,207117,5004,51,40
2026,2025-11-16,ibm,ibm,4090,211207,4090,41,35
2026,2025-11-23,ibm,ibm,1992,213199,1992,59,42
2026,2025-11-30,ibm,ibm,5334,218533,5334,85,63
2026,2025-12-07,ibm,ibm,8076,226609,8740,62,40
2026,2025-12-14,ibm,ibm,2511,229120,2511,51,38
2026,2025-12-21,ibm,ibm,9413,238533,9413,54,40
2026,2025-12-28,ibm,ibm,3838,242371,3838,82,58
2026,2026-01-04,ibm,ibm,3110,245481,3110,42,41
2026,2026-01-11,ibm,ibm,888,246369,888,6,5
2026,2026-01-18,ibm,ibm,376,246745,376,6,6
2026,2026-01-25,ibm,ibm,1594,248339,1594,11,11
2026,2026-02-01,ibm,ibm,14118,262457,14118,17,16
2026,2026-02-08,ibm,ibm,1425,263882,1425,7,7
2026,2026-02-15,ibm,ibm,1600,265482,1600,10,8
2026,2026-02-22,ibm,ibm,454,265936,454,4,3
2026,2026-03-01,ibm,ibm,2467,268403,2467,8,6
2026,2026-03-08,ibm,ibm,250,268653,250,1,1
2026,2026-03-15,ibm,ibm,845,269498,845,3,3
2026,2026-03-22,ibm,ibm,25,269523,25,1,1
2026,2025-01-19,khosla,khosla,6600,6600,6600,2,1
2026,2025-03-16,khosla,khosla,3500,10100,3500,1,1
2026,2025-03-23,khosla,khosla,1000000,1010100,1000000,2,2
2026,2025-03-30,khosla,khosla,7000,1017100,7000,1,1
2026,2025-06-22,khosla,khosla,7000,1024100,7000,1,1
2026,2025-07-06,khosla,khosla,1000000,2024100,1000000,1,1
2026,2025-09-07,khosla,khosla,2500,2026600,2500,1,1
2026,2025-10-26,khosla,khosla,60000,2086600,60000,2,1
2026,2025-12-21,khosla,khosla,3500,2090100,3500,1,1
2026,2026-01-04,khosla,khosla,7000,2097100,7000,2,1
2026,2026-02-22,khosla,khosla,443000,2540100,443000,4,1
2026,2025-01-19,kleiner,kleiner,6600,6600,6600,2,1
2026,2025-02-02,kleiner,kleiner,7000,13600,7000,2,1
2026,2025-02-09,kleiner,kleiner,5000,18600,5000,1,1
2026,2025-02-23,kleiner,kleiner,5000,23600,5000,1,1
2026,2025-03-09,kleiner,kleiner,5500,29100,5500,2,2
2026,2025-03-23,kleiner,kleiner,90700,119800,94200,9,5
2026,2025-03-30,kleiner,kleiner,35700,155500,35700,11,4
2026,2025-04-06,kleiner,kleiner,249050,404550,249050,10,5
2026,2025-04-13,kleiner,kleiner,3850,408400,3850,2,1
2026,2025-04-20,kleiner,kleiner,5500,413900,5500,2,2
2026,2025-04-27,kleiner,kleiner,5000,418900,5000,1,1
2026,2025-05-04,kleiner,kleiner,1500,420400,5000,2,2
2026,2025-05-11,kleiner,kleiner,1200,421600,1200,1,1
2026,2025-05-25,kleiner,kleiner,7700,429300,7700,3,1
2026,2025-06-22,kleiner,kleiner,10000,439300,10000,1,1
2026,2025-07-06,kleiner,kleiner,28200,467500,31700,8,3
2026,2025-08-03,kleiner,kleiner,17000,484500,17000,1,1
2026,2025-09-14,kleiner,kleiner,9500,494000,9500,2,2
2026,2025-09-28,kleiner,kleiner,17700,511700,17700,5,2
2026,2025-10-05,kleiner,kleiner,111600,623300,111600,10,4
2026,2025-10-19,kleiner,kleiner,17000,640300,17000,1,1
2026,2025-11-23,kleiner,kleiner,57000,697300,57000,3,2
2026,2025-11-30,kleiner,kleiner,3500,700800,3500,1,1
2026,2025-12-21,kleiner,kleiner,3850,704650,3850,2,2
2026,2026-02-08,kleiner,kleiner,5000,709650,5000,1,1
2026,2026-02-22,kleiner,kleiner,44300,753950,44300,1,1
2026,2026-03-22,kleiner,kleiner,15500,769450,15500,4,2
2026,2023-04-16,meta,meta,500,500,500,1,1
2026,2023-05-28,meta,meta,3000,3500,3000,2,2
2026,2023-06-18,meta,meta,500,4000,500,1,1
2026,2023-06-25,meta,meta,3300,7300,3300,1,1
2026,2024-12-29,meta,meta,50,7350,50,1,1
2026,2025-01-05,meta,meta,1050,8400,1050,6,6
2026,2025-01-12,meta,meta,6449,14849,6449,9,8
2026,2025-01-19,meta,meta,4214,19063,4214,24,24
2026,2025-01-26,meta,meta,6787,25850,6787,16,15
2026,2025-02-02,meta,meta,13331,39181,13331,45,42
2026,2025-02-09,meta,meta,16002,55183,16002,19,17
2026,2025-02-16,meta,meta,17484,72667,17484,38,36
2026,2025-02-23,meta,meta,20691,93358,20691,27,22
2026,2025-03-02,meta,meta,9789,103147,9789,50,47
2026,2025-03-09,meta,meta,17852,120999,17852,27,21
2026,2025-03-16,meta,meta,11645,132644,11645,50,43
2026,2025-03-23,meta,meta,9282,141926,9282,23,19
2026,2025-03-30,meta,meta,16218,158144,16218,55,50
2026,2025-04-06,meta,meta,28578,186722,28578,37,28
2026,2025-04-13,meta,meta,16483,203205,16483,46,45
2026,2025-04-20,meta,meta,11868,215073,11868,23,17
2026,2025-04-27,meta,meta,11336,226409,11336,60,52
2026,2025-05-04,meta,meta,15055,241464,15055,25,21
2026,2025-05-11,meta,meta,16023,257487,16023,67,57
2026,2025-05-18,meta,meta,1437,258924,1437,26,11
2026,2025-05-25,meta,meta,8285,267209,8285,60,56
2026,2025-06-01,meta,meta,4304,271513,4304,23,21
2026,2025-06-08,meta,meta,12320,283833,12320,66,60
2026,2025-06-15,meta,meta,22848,306681,23348,39,27
2026,2025-06-22,meta,meta,21813,328494,21813,75,66
2026,2025-06-29,meta,meta,11708,340202,11708,28,24
2026,2025-07-06,meta,meta,14698,354900,14698,72,66
2026,2025-07-13,meta,meta,8582,363482,9282,35,25
2026,2025-07-20,meta,meta,24080,387562,24080,65,62
2026,2025-07-27,meta,meta,11313,398875,11313,32,29
2026,2025-08-03,meta,meta,18484,417359,18484,75,71
2026,2025-08-10,meta,meta,9810,427169,13310,32,22
2026,2025-08-17,meta,meta,10759,437928,10759,66,64
2026,2025-08-24,meta,meta,3699,441627,3699,34,30
2026,2025-08-31,meta,meta,24175,465802,24175,85,74
2026,2025-09-07,meta,meta,7709,473511,7709,41,30
2026,2025-09-14,meta,meta,21582,495093,21582,81,77
2026,2025-09-21,meta,meta,24501,519594,24501,48,38
2026,2025-09-28,meta,meta,22418,542012,22443,84,78
2026,2025-10-05,meta,meta,22911,564923,23411,57,46
2026,2025-10-12,meta,meta,25744,590667,25744,87,81
2026,2025-10-19,meta,meta,4596,595263,4596,27,25
2026,2025-10-26,meta,meta,28995,624258,28995,99,89
2026,2025-11-02,meta,meta,12956,637214,13056,48,39
2026,2025-11-09,meta,meta,24348,661562,24348,89,76
2026,2025-11-16,meta,meta,14387,675949,14387,33,29
2026,2025-11-23,meta,meta,35121,711070,35121,98,85
2026,2025-11-30,meta,meta,3093,714163,3093,37,31
2026,2025-12-07,meta,meta,24066,738229,24066,102,91
2026,2025-12-14,meta,meta,19334,757563,19334,43,38
2026,2025-12-21,meta,meta,23609,781172,23609,78,76
2026,2025-12-28,meta,meta,10802,791974,10802,39,34
2026,2026-01-04,meta,meta,58518,850492,58518,28,24
2026,2026-01-11,meta,meta,5745,856237,5745,7,7
2026,2026-01-18,meta,meta,5935,862172,5935,33,33
2026,2026-01-25,meta,meta,2140,864312,2140,5,5
2026,2026-02-01,meta,meta,7319,871631,7319,39,39
2026,2026-02-08,meta,meta,7260,878891,7260,6,4
2026,2026-02-15,meta,meta,7309,886200,7309,44,43
2026,2026-02-22,meta,meta,260,886460,260,3,3
2026,2026-03-01,meta,meta,10650,897110,10650,45,44
2026,2026-03-22,meta,meta,100,897210,100,1,1
2026,2026-03-29,meta,meta,510,897720,510,2,2
2026,2026-04-05,meta,meta,1500,899220,1500,1,1
2026,2023-06-11,microsoft,microsoft,500,500,500,1,1
2026,2025-01-05,microsoft,microsoft,2125,2625,2125,16,13
2026,2025-01-12,microsoft,microsoft,18118,20743,18118,21,19
2026,2025-01-19,microsoft,microsoft,5123,25866,11723,52,40
2026,2025-01-26,microsoft,microsoft,14339,40205,17439,24,17
2026,2025-02-02,microsoft,microsoft,12993,53198,12993,69,65
2026,2025-02-09,microsoft,microsoft,13853,67051,13853,36,30
2026,2025-02-16,microsoft,microsoft,14535,81586,14535,91,81
2026,2025-02-23,microsoft,microsoft,8157,89743,8157,27,22
2026,2025-03-02,microsoft,microsoft,48875,138618,48979,182,169
2026,2025-03-09,microsoft,microsoft,15408,154026,15408,45,39
2026,2025-03-16,microsoft,microsoft,67624,221650,67624,283,269
2026,2025-03-23,microsoft,microsoft,21221,242871,21221,42,36
2026,2025-03-30,microsoft,microsoft,50530,293401,50530,67,51
2026,2025-04-06,microsoft,microsoft,119937,413338,119937,317,304
2026,2025-04-13,microsoft,microsoft,80957,494295,80957,37,31
2026,2025-04-20,microsoft,microsoft,31165,525460,31165,341,335
2026,2025-04-27,microsoft,microsoft,71797,597257,78797,44,38
2026,2025-05-04,microsoft,microsoft,36441,633698,36441,352,343
2026,2025-05-11,microsoft,microsoft,3384,637082,3384,34,31
2026,2025-05-18,microsoft,microsoft,50012,687094,50012,562,552
2026,2025-05-25,microsoft,microsoft,13118,700212,13118,46,44
2026,2025-06-01,microsoft,microsoft,79303,779515,79303,593,583
2026,2025-06-08,microsoft,microsoft,20727,800242,20727,40,38
2026,2025-06-15,microsoft,microsoft,83611,883853,83611,622,613
2026,2025-06-22,microsoft,microsoft,31799,915652,33299,56,47
2026,2025-06-29,microsoft,microsoft,22986,938638,22986,48,41
2026,2025-07-06,microsoft,microsoft,40451,979089,40451,667,659
2026,2025-07-13,microsoft,microsoft,13482,992571,13482,62,51
2026,2025-07-20,microsoft,microsoft,97962,1090533,97962,707,678
2026,2025-07-27,microsoft,microsoft,15096,1105629,15096,54,47
2026,2025-08-03,microsoft,microsoft,73039,1178668,73039,747,719
2026,2025-08-10,microsoft,microsoft,22602,1201270,22602,70,61
2026,2025-08-17,microsoft,microsoft,50342,1251612,50342,752,728
2026,2025-08-24,microsoft,microsoft,13500,1265112,13500,59,53
2026,2025-08-31,microsoft,microsoft,42418,1307530,42418,732,714
2026,2025-09-07,microsoft,microsoft,19184,1326714,19184,73,69
2026,2025-09-14,microsoft,microsoft,17944,1344658,17944,88,73
2026,2025-09-21,microsoft,microsoft,48239,1392897,48239,731,717
2026,2025-09-28,microsoft,microsoft,251318,1644215,261818,95,69
2026,2025-10-05,microsoft,microsoft,79736,1723951,79736,755,732
2026,2025-10-12,microsoft,microsoft,18448,1742399,18448,100,86
2026,2025-10-19,microsoft,microsoft,40714,1783113,40714,747,724
2026,2025-10-26,microsoft,microsoft,24413,1807526,24413,100,81
2026,2025-11-02,microsoft,microsoft,43141,1850667,43141,738,722
2026,2025-11-09,microsoft,microsoft,18463,1869130,18463,101,89
2026,2025-11-16,microsoft,microsoft,44201,1913331,44701,1269,1242
2026,2025-11-23,microsoft,microsoft,23624,1936955,23624,100,91
2026,2025-11-30,microsoft,microsoft,50309,1987264,53809,1266,1233
2026,2025-12-07,microsoft,microsoft,32114,2019378,32114,99,90
2026,2025-12-14,microsoft,microsoft,14792,2034170,19792,90,71
2026,2025-12-21,microsoft,microsoft,45677,2079847,45677,1262,1250
2026,2025-12-28,microsoft,microsoft,16949,2096796,16949,82,61
2026,2026-01-04,microsoft,microsoft,151544,2248340,151544,1242,1218
2026,2026-01-11,microsoft,microsoft,8954,2257294,8954,11,8
2026,2026-01-18,microsoft,microsoft,4928,2262222,4928,24,24
2026,2026-01-25,microsoft,microsoft,9200,2271422,9200,13,13
2026,2026-02-01,microsoft,microsoft,43701,2315123,43701,47,44
2026,2026-02-08,microsoft,microsoft,7786,2322909,7786,8,6
2026,2026-02-15,microsoft,microsoft,7289,2330198,7289,47,46
2026,2026-02-22,microsoft,microsoft,3846,2334044,3846,10,9
2026,2026-03-01,microsoft,microsoft,9476,2343520,9531,97,97
2026,2026-03-08,microsoft,microsoft,10275,2353795,10275,3,3
2026,2026-03-29,microsoft,microsoft,11650,2365445,14750,5,3
2026,2026-04-05,microsoft,microsoft,500,2365945,500,1,1
2026,2023-05-07,netflix,netflix,3300,3300,3300,1,1
2026,2025-01-05,netflix,netflix,250,3550,250,1,1
2026,2025-01-12,netflix,netflix,360,3910,360,3,3
2026,2025-01-19,netflix,netflix,1099,5009,1099,5,4
2026,2025-01-26,netflix,netflix,250,5259,250,1,1
2026,2025-02-09,netflix,netflix,110,5369,110,2,2
2026,2025-02-16,netflix,netflix,2750,8119,2750,7,5
2026,2025-02-23,netflix,netflix,2092,10211,2092,7,5
2026,2025-03-02,netflix,netflix,3500,13711,3500,3,3
2026,2025-03-09,netflix,netflix,410,14121,410,4,4
2026,2025-03-16,netflix,netflix,3000,17121,3000,7,3
2026,2025-03-23,netflix,netflix,3292,20413,3292,10,8
2026,2025-03-30,netflix,netflix,12250,32663,12250,9,8
2026,2025-04-06,netflix,netflix,7396,40059,7396,6,5
2026,2025-04-13,netflix,netflix,1250,41309,1250,4,4
2026,2025-04-20,netflix,netflix,2249,43558,2249,9,8
2026,2025-04-27,netflix,netflix,1180,44738,1180,5,4
2026,2025-05-04,netflix,netflix,1350,46088,1350,5,5
2026,2025-05-11,netflix,netflix,6260,52348,6260,10,6
2026,2025-05-18,netflix,netflix,5084,57432,5084,12,10
2026,2025-05-25,netflix,netflix,10542,67974,10542,6,6
2026,2025-06-01,netflix,netflix,1450,69424,1450,6,6
2026,2025-06-08,netflix,netflix,2260,71684,2260,7,7
2026,2025-06-15,netflix,netflix,1700,73384,1700,4,4
2026,2025-06-22,netflix,netflix,2001549,2074933,2001549,11,10
2026,2025-06-29,netflix,netflix,2075,2077008,2075,8,8
2026,2025-07-06,netflix,netflix,4818,2081826,4818,10,8
2026,2025-07-13,netflix,netflix,1770,2083596,1770,7,7
2026,2025-07-20,netflix,netflix,3099,2086695,3099,6,6
2026,2025-07-27,netflix,netflix,345,2087040,345,6,6
2026,2025-08-03,netflix,netflix,539,2087579,539,12,10
2026,2025-08-10,netflix,netflix,620,2088199,620,7,7
2026,2025-08-17,netflix,netflix,1640,2089839,1640,5,5
2026,2025-08-24,netflix,netflix,349,2090188,349,9,9
2026,2025-08-31,netflix,netflix,4093,2094281,4093,9,9
2026,2025-09-07,netflix,netflix,7791,2102072,7791,10,8
2026,2025-09-14,netflix,netflix,4795,2106867,4795,11,11
2026,2025-09-21,netflix,netflix,5226,2112093,5226,11,11
2026,2025-09-28,netflix,netflix,8415,2120508,8415,10,9
2026,2025-10-05,netflix,netflix,2671,2123179,2671,19,17
2026,2025-10-12,netflix,netflix,955,2124134,955,8,7
2026,2025-10-19,netflix,netflix,9799,2133933,11299,13,11
2026,2025-10-26,netflix,netflix,152267,2286200,152267,10,10
2026,2025-11-02,netflix,netflix,3931,2290131,3931,10,9
2026,2025-11-09,netflix,netflix,1011127,3301258,1011127,13,13
2026,2025-11-16,netflix,netflix,22095,3323353,22095,10,9
2026,2025-11-23,netflix,netflix,3956,3327309,3956,18,17
2026,2025-11-30,netflix,netflix,293,3327602,293,8,7
2026,2025-12-07,netflix,netflix,4577,3332179,4577,11,11
2026,2025-12-14,netflix,netflix,2095,3334274,2095,9,9
2026,2025-12-21,netflix,netflix,301,3334575,301,8,8
2026,2025-12-28,netflix,netflix,460,3335035,460,9,9
2026,2026-01-04,netflix,netflix,551,3335586,551,4,4
2026,2026-01-11,netflix,netflix,25,3335611,25,1,1
2026,2026-01-18,netflix,netflix,550,3336161,550,2,2
2026,2026-01-25,netflix,netflix,550,3336711,550,2,2
2026,2026-02-08,netflix,netflix,110,3336821,110,2,2
2026,2026-02-15,netflix,netflix,7525,3344346,7525,4,3
2026,2025-01-05,nvidia,nvidia,1510,1510,1510,2,2
2026,2025-01-12,nvidia,nvidia,75,1585,75,2,2
2026,2025-01-19,nvidia,nvidia,333,1918,333,5,5
2026,2025-01-26,nvidia,nvidia,1584,3502,1584,5,3
2026,2025-02-02,nvidia,nvidia,9473,12975,9473,12,6
2026,2025-02-09,nvidia,nvidia,5275,18250,5275,13,11
2026,2025-02-16,nvidia,nvidia,2480,20730,2480,10,5
2026,2025-02-23,nvidia,nvidia,12692,33422,12692,16,12
2026,2025-03-02,nvidia,nvidia,5873,39295,5873,22,9
2026,2025-03-09,nvidia,nvidia,11752,51047,11752,15,10
2026,2025-03-16,nvidia,nvidia,1500,52547,1500,9,8
2026,2025-03-23,nvidia,nvidia,8149,60696,8149,23,16
2026,2025-03-30,nvidia,nvidia,11465,72161,11465,19,10
2026,2025-04-06,nvidia,nvidia,9728,81889,9728,20,14
2026,2025-04-13,nvidia,nvidia,1475,83364,1475,7,6
2026,2025-04-20,nvidia,nvidia,5208,88572,5208,15,12
2026,2025-04-27,nvidia,nvidia,3224,91796,3224,9,8
2026,2025-05-04,nvidia,nvidia,5595,97391,5595,10,10
2026,2025-05-11,nvidia,nvidia,1422,98813,1422,10,9
2026,2025-05-18,nvidia,nvidia,598,99411,598,8,7
2026,2025-05-25,nvidia,nvidia,519,99930,519,6,6
2026,2025-06-01,nvidia,nvidia,2435,102365,2435,8,8
2026,2025-06-08,nvidia,nvidia,2622,104987,2622,8,7
2026,2025-06-15,nvidia,nvidia,5370,110357,5370,23,16
2026,2025-06-22,nvidia,nvidia,5117,115474,5117,15,12
2026,2025-06-29,nvidia,nvidia,8925,124399,8925,9,8
2026,2025-07-06,nvidia,nvidia,3476,127875,3476,20,15
2026,2025-07-13,nvidia,nvidia,5238,133113,5238,21,11
2026,2025-07-20,nvidia,nvidia,1822,134935,1822,15,11
2026,2025-07-27,nvidia,nvidia,31564,166499,31564,16,13
2026,2025-08-03,nvidia,nvidia,537,167036,537,13,12
2026,2025-08-10,nvidia,nvidia,8124,175160,8124,16,13
2026,2025-08-17,nvidia,nvidia,1986,177146,1986,12,8
2026,2025-08-24,nvidia,nvidia,2575,179721,2575,16,14
2026,2025-08-31,nvidia,nvidia,1545,181266,1545,16,13
2026,2025-09-07,nvidia,nvidia,3221,184487,3421,25,20
2026,2025-09-14,nvidia,nvidia,9774,194261,9774,20,12
2026,2025-09-21,nvidia,nvidia,12761,207022,12761,27,18
2026,2025-09-28,nvidia,nvidia,5190,212212,5190,23,16
2026,2025-10-05,nvidia,nvidia,13598,225810,13598,33,24
2026,2025-10-12,nvidia,nvidia,3997,229807,3997,21,15
2026,2025-10-19,nvidia,nvidia,2875,232682,2875,23,15
2026,2025-10-26,nvidia,nvidia,3323,236005,3323,13,11
2026,2025-11-02,nvidia,nvidia,4967,240972,4967,18,16
2026,2025-11-09,nvidia,nvidia,5319,246291,5319,13,11
2026,2025-11-16,nvidia,nvidia,2766,249057,2766,17,12
2026,2025-11-23,nvidia,nvidia,2268,251325,2268,18,15
2026,2025-11-30,nvidia,nvidia,3476,254801,3476,20,16
2026,2025-12-07,nvidia,nvidia,3921,258722,3921,17,15
2026,2025-12-14,nvidia,nvidia,2286,261008,2286,15,10
2026,2025-12-21,nvidia,nvidia,8056,269064,8056,19,14
2026,2025-12-28,nvidia,nvidia,3189,272253,3189,14,10
2026,2026-01-04,nvidia,nvidia,4045,276298,4045,18,9
2026,2026-01-11,nvidia,nvidia,1745,278043,1745,5,5
2026,2026-01-18,nvidia,nvidia,3000,281043,3000,6,6
2026,2026-01-25,nvidia,nvidia,5432,286475,5432,9,7
2026,2026-02-01,nvidia,nvidia,1404,287879,1404,6,6
2026,2026-02-08,nvidia,nvidia,100,287979,100,1,1
2026,2026-02-15,nvidia,nvidia,400,288379,400,3,3
2026,2026-02-22,nvidia,nvidia,150,288529,150,1,1
2026,2026-03-01,nvidia,nvidia,2000,290529,2000,2,2
2026,2026-03-15,nvidia,nvidia,125,290654,125,2,2
2026,2026-03-29,nvidia,nvidia,1000,291654,1000,1,1
2026,2023-04-16,openai,openai,500,500,500,1,1
2026,2023-04-23,openai,openai,3800,4300,3800,2,2
2026,2023-06-18,openai,openai,500,4800,500,1,1
2026,2023-06-25,openai,openai,4300,9100,4300,2,2
2026,2023-07-02,openai,openai,2800,11900,2800,1,1
2026,2025-01-05,openai,openai,250,12150,250,1,1
2026,2025-01-26,openai,openai,250,12400,250,1,1
2026,2025-02-02,openai,openai,3550,15950,3550,2,2
2026,2025-02-23,openai,openai,500,16450,500,1,1
2026,2025-03-02,openai,openai,250,16700,250,1,1
2026,2025-03-16,openai,openai,13000,29700,13000,4,3
2026,2025-03-23,openai,openai,26005,55705,26005,6,4
2026,2025-03-30,openai,openai,12500,68205,12500,2,2
2026,2025-04-06,openai,openai,4000,72205,4000,2,2
2026,2025-04-20,openai,openai,350,72555,350,2,2
2026,2025-05-11,openai,openai,750,73305,750,3,3
2026,2025-05-25,openai,openai,4000,77305,4000,4,3
2026,2025-06-08,openai,openai,1000,78305,1000,1,1
2026,2025-06-15,openai,openai,566,78871,566,2,2
2026,2025-06-22,openai,openai,6800,85671,6800,2,2
2026,2025-06-29,openai,openai,22000,107671,22000,6,3
2026,2025-07-06,openai,openai,25,107696,25,1,1
2026,2025-07-13,openai,openai,1100,108796,1100,3,2
2026,2025-07-20,openai,openai,700,109496,700,2,2
2026,2025-07-27,openai,openai,0,109496,3500,2,1
2026,2025-08-10,openai,openai,75,109571,75,2,2
2026,2025-08-31,openai,openai,3500,113071,3500,1,1
2026,2025-09-07,openai,openai,25,113096,25,1,1
2026,2025-09-14,openai,openai,25005050,25118146,25005050,4,3
2026,2025-09-21,openai,openai,15800,25133946,15800,10,5
2026,2025-09-28,openai,openai,5500,25139446,5500,4,4
2026,2025-10-05,openai,openai,500,25139946,500,1,1
2026,2025-10-12,openai,openai,6075,25146021,6075,5,5
2026,2025-10-19,openai,openai,4700,25150721,4700,4,2
2026,2025-10-26,openai,openai,81250,25231971,81250,26,10
2026,2025-11-02,openai,openai,25499,25257470,25499,12,3
2026,2025-11-09,openai,openai,24024,25281494,24024,11,5
2026,2025-11-16,openai,openai,11250,25292744,11250,5,4
2026,2025-11-23,openai,openai,14550,25307294,14550,7,6
2026,2025-11-30,openai,openai,4500,25311794,4500,3,2
2026,2025-12-07,openai,openai,102775,25414569,102775,5,5
2026,2025-12-14,openai,openai,2825,25417394,2825,8,4
2026,2025-12-21,openai,openai,10000,25427394,10000,5,4
2026,2025-12-28,openai,openai,24350,25451744,24350,9,6
2026,2026-01-18,openai,openai,500,25452244,500,1,1
2026,2026-02-15,openai,openai,5500,25457744,5500,2,2
2026,2026-03-15,openai,openai,200,25457944,200,1,1
2026,2025-01-05,oracle,oracle,232,232,232,4,4
2026,2025-01-12,oracle,oracle,537,769,537,8,6
2026,2025-01-19,oracle,oracle,3381,4150,3381,23,7
2026,2025-01-26,oracle,oracle,4777,8927,4777,13,9
2026,2025-02-02,oracle,oracle,7112,16039,7112,32,26
2026,2025-02-09,oracle,oracle,2416,18455,2416,12,11
2026,2025-02-16,oracle,oracle,4602,23057,4602,33,27
2026,2025-02-23,oracle,oracle,4930,27987,4930,10,8
2026,2025-03-02,oracle,oracle,6762,34749,6762,47,41
2026,2025-03-09,oracle,oracle,1722,36471,1722,19,13
2026,2025-03-16,oracle,oracle,7338,43809,7338,74,46
2026,2025-03-23,oracle,oracle,42927,86736,42927,54,19
2026,2025-03-30,oracle,oracle,21462,108198,21462,62,52
2026,2025-04-06,oracle,oracle,1540,109738,1540,27,15
2026,2025-04-13,oracle,oracle,13642,123380,13642,106,64
2026,2025-04-20,oracle,oracle,1096,124476,1096,34,11
2026,2025-04-27,oracle,oracle,7379,131855,7379,72,62
2026,2025-05-04,oracle,oracle,3463,135318,3463,38,22
2026,2025-05-11,oracle,oracle,14070,149388,14070,102,95
2026,2025-05-18,oracle,oracle,22935,172323,22935,26,14
2026,2025-05-25,oracle,oracle,6601,178924,9767,91,90
2026,2025-06-01,oracle,oracle,1596,180520,1596,23,17
2026,2025-06-08,oracle,oracle,6222,186742,6222,102,99
2026,2025-06-15,oracle,oracle,10922,197664,10922,28,21
2026,2025-06-22,oracle,oracle,8024,205688,8024,98,95
2026,2025-06-29,oracle,oracle,8245,213933,8245,33,27
2026,2025-07-06,oracle,oracle,118314,332247,125314,141,119
2026,2025-07-13,oracle,oracle,116928,449175,116928,36,27
2026,2025-07-20,oracle,oracle,120181,569356,120181,127,110
2026,2025-07-27,oracle,oracle,17281,586637,17281,47,34
2026,2025-08-03,oracle,oracle,11441,598078,11441,135,125
2026,2025-08-10,oracle,oracle,252139,850217,252139,53,34
2026,2025-08-17,oracle,oracle,8133,858350,8133,124,115
2026,2025-08-24,oracle,oracle,5735,864085,5735,37,29
2026,2025-08-31,oracle,oracle,12251,876336,12251,130,123
2026,2025-09-07,oracle,oracle,9273,885609,9273,51,40
2026,2025-09-14,oracle,oracle,9013,894622,9013,134,120
2026,2025-09-21,oracle,oracle,8803,903425,8803,43,31
2026,2025-09-28,oracle,oracle,10977,914402,10977,147,139
2026,2025-10-05,oracle,oracle,17724,932126,17724,80,51
2026,2025-10-12,oracle,oracle,14361,946487,14361,143,123
2026,2025-10-19,oracle,oracle,8282,954769,8282,49,36
2026,2025-10-26,oracle,oracle,11924,966693,11924,145,135
2026,2025-11-02,oracle,oracle,18299,984992,18299,67,48
2026,2025-11-09,oracle,oracle,23158,1008150,23158,159,139
2026,2025-11-16,oracle,oracle,2588,1010738,2588,36,27
2026,2025-11-23,oracle,oracle,11472,1022210,11472,135,123
2026,2025-11-30,oracle,oracle,4488,1026698,4588,70,52
2026,2025-12-07,oracle,oracle,10604,1037302,10604,158,136
2026,2025-12-14,oracle,oracle,4642,1041944,4642,59,38
2026,2025-12-21,oracle,oracle,9016,1050960,9016,132,121
2026,2025-12-28,oracle,oracle,2056,1053016,2056,46,37
2026,2026-01-04,oracle,oracle,17676,1070692,17676,129,123
2026,2026-01-11,oracle,oracle,694,1071386,694,9,6
2026,2026-01-18,oracle,oracle,11078,1082464,11078,10,7
2026,2026-01-25,oracle,oracle,1353,1083817,1353,4,4
2026,2026-02-01,oracle,oracle,6667,1090484,6667,35,32
2026,2026-02-08,oracle,oracle,27375,1117859,27375,8,8
2026,2026-02-15,oracle,oracle,6025,1123884,6025,37,31
2026,2026-02-22,oracle,oracle,273,1124157,273,6,6
2026,2026-03-01,oracle,oracle,5742,1129899,5742,42,37
2026,2026-03-22,oracle,oracle,100,1129999,100,1,1
2026,2026-03-29,oracle,oracle,355,1130354,355,3,2
2026,2025-05-04,other,other,100,100,100,1,1
2026,2025-05-11,other,other,100,200,100,1,1
2026,2025-06-01,other,other,100,300,100,1,1
2026,2023-04-16,palantir,palantir,500,500,500,1,1
2026,2025-01-12,palantir,palantir,250,750,250,1,1
2026,2025-01-26,palantir,palantir,4070,4820,4070,3,3
2026,2025-02-02,palantir,palantir,30000,34820,30000,2,1
2026,2025-02-09,palantir,palantir,5250,40070,5250,2,2
2026,2025-02-16,palantir,palantir,12000,52070,12000,4,2
2026,2025-02-23,palantir,palantir,10020,62090,10020,5,3
2026,2025-03-02,palantir,palantir,62800,124890,66300,7,3
2026,2025-03-09,palantir,palantir,376500,501390,378000,8,4
2026,2025-03-16,palantir,palantir,6000,507390,6000,2,2
2026,2025-03-23,palantir,palantir,38000,545390,38000,5,3
2026,2025-03-30,palantir,palantir,28515,573905,28515,8,5
2026,2025-04-06,palantir,palantir,93000,666905,96500,12,6
2026,2025-04-27,palantir,palantir,7250,674155,7250,2,2
2026,2025-05-04,palantir,palantir,8550,682705,12050,5,3
2026,2025-05-11,palantir,palantir,257000,939705,260500,6,1
2026,2025-05-18,palantir,palantir,270000,1209705,277000,9,5
2026,2025-05-25,palantir,palantir,500,1210205,500,1,1
2026,2025-06-01,palantir,palantir,9550,1219755,9550,4,3
2026,2025-06-08,palantir,palantir,1000,1220755,1000,1,1
2026,2025-06-15,palantir,palantir,7200,1227955,7200,3,3
2026,2025-06-22,palantir,palantir,111961,1339916,111961,7,4
2026,2025-06-29,palantir,palantir,11500,1351416,11500,4,3
2026,2025-07-06,palantir,palantir,12076,1363492,12076,5,5
2026,2025-07-13,palantir,palantir,530,1364022,530,2,2
2026,2025-07-20,palantir,palantir,51355,1415377,51355,5,4
2026,2025-07-27,palantir,palantir,5250,1420627,5250,3,2
2026,2025-08-03,palantir,palantir,75,1420702,75,2,2
2026,2025-08-10,palantir,palantir,7030,1427732,10530,4,2
2026,2025-08-17,palantir,palantir,3525,1431257,3525,2,2
2026,2025-08-24,palantir,palantir,11380,1442637,11380,7,5
2026,2025-08-31,palantir,palantir,2550,1445187,2550,4,4
2026,2025-09-07,palantir,palantir,17110,1462297,20610,8,6
2026,2025-09-14,palantir,palantir,43530,1505827,47030,16,9
2026,2025-09-21,palantir,palantir,21525,1527352,21525,8,3
2026,2025-09-28,palantir,palantir,26000,1553352,26000,5,5
2026,2025-10-05,palantir,palantir,36250,1589602,39750,10,8
2026,2025-10-12,palantir,palantir,24630,1614232,24630,5,5
2026,2025-10-19,palantir,palantir,150,1614382,150,2,2
2026,2025-10-26,palantir,palantir,11250,1625632,11250,10,10
2026,2025-11-02,palantir,palantir,4325,1629957,4325,5,5
2026,2025-11-09,palantir,palantir,4555,1634512,8055,6,5
2026,2025-11-16,palantir,palantir,46750,1681262,46750,8,6
2026,2025-11-23,palantir,palantir,12275,1693537,12275,5,4
2026,2025-11-30,palantir,palantir,5570,1699107,7070,7,4
2026,2025-12-07,palantir,palantir,8050,1707157,8050,4,4
2026,2025-12-14,palantir,palantir,8030,1715187,8030,4,3
2026,2025-12-21,palantir,palantir,9025,1724212,9025,7,7
2026,2025-12-28,palantir,palantir,8020,1732232,8020,4,3
2026,2026-01-04,palantir,palantir,5470,1737702,5470,7,7
2026,2026-02-01,palantir,palantir,15000,1752702,15000,1,1
2026,2026-02-08,palantir,palantir,45300,1798002,45300,2,2
2026,2026-03-01,palantir,palantir,1070,1799072,1070,1,1
2026,2026-03-15,palantir,palantir,86,1799158,86,1,1
2026,2025-01-05,qualcomm,qualcomm,105,105,105,2,2
2026,2025-01-12,qualcomm,qualcomm,352,457,352,7,5
2026,2025-01-19,qualcomm,qualcomm,681,1138,681,5,4
2026,2025-02-02,qualcomm,qualcomm,43435,44573,43435,14,14
2026,2025-02-09,qualcomm,qualcomm,554,45127,554,4,4
2026,2025-02-16,qualcomm,qualcomm,2531,47658,2531,24,17
2026,2025-02-23,qualcomm,qualcomm,17556,65214,17556,11,6
2026,2025-03-02,qualcomm,qualcomm,3044,68258,3044,24,23
2026,2025-03-09,qualcomm,qualcomm,185,68443,185,7,3
2026,2025-03-16,qualcomm,qualcomm,2944,71387,2944,27,23
2026,2025-03-23,qualcomm,qualcomm,50,71437,50,1,1
2026,2025-03-30,qualcomm,qualcomm,17780,89217,17780,39,34
2026,2025-04-06,qualcomm,qualcomm,7145,96362,7145,8,5
2026,2025-04-13,qualcomm,qualcomm,9516,105878,9516,40,35
2026,2025-04-20,qualcomm,qualcomm,8051,113929,8051,9,8
2026,2025-04-27,qualcomm,qualcomm,4178,118107,4178,31,30
2026,2025-05-04,qualcomm,qualcomm,147,118254,147,6,2
2026,2025-05-11,qualcomm,qualcomm,3585,121839,3585,36,32
2026,2025-05-18,qualcomm,qualcomm,131,121970,131,9,3
2026,2025-05-25,qualcomm,qualcomm,3067,125037,3067,33,31
2026,2025-06-01,qualcomm,qualcomm,1707,126744,1707,7,4
2026,2025-06-08,qualcomm,qualcomm,3158,129902,3158,45,41
2026,2025-06-15,qualcomm,qualcomm,1346,131248,1346,10,8
2026,2025-06-22,qualcomm,qualcomm,3211,134459,3211,46,43
2026,2025-06-29,qualcomm,qualcomm,1851,136310,1851,7,6
2026,2025-07-06,qualcomm,qualcomm,3883,140193,3883,47,45
2026,2025-07-13,qualcomm,qualcomm,704,140897,704,9,6
2026,2025-07-20,qualcomm,qualcomm,3314,144211,3314,47,45
2026,2025-07-27,qualcomm,qualcomm,195,144406,195,6,5
2026,2025-08-03,qualcomm,qualcomm,5334,149740,5334,48,47
2026,2025-08-10,qualcomm,qualcomm,170,149910,170,6,5
2026,2025-08-17,qualcomm,qualcomm,9288,159198,9288,45,45
2026,2025-08-24,qualcomm,qualcomm,1130,160328,1130,5,5
2026,2025-08-31,qualcomm,qualcomm,3351,163679,3351,44,44
2026,2025-09-07,qualcomm,qualcomm,3665,167344,3665,7,6
2026,2025-09-14,qualcomm,qualcomm,7155,174499,7155,52,48
2026,2025-09-21,qualcomm,qualcomm,959,175458,959,6,5
2026,2025-09-28,qualcomm,qualcomm,6831,182289,6831,46,46
2026,2025-10-05,qualcomm,qualcomm,205,182494,205,7,6
2026,2025-10-12,qualcomm,qualcomm,17337,199831,17337,60,55
2026,2025-10-19,qualcomm,qualcomm,1351,201182,1351,6,6
2026,2025-10-26,qualcomm,qualcomm,5803,206985,5803,50,48
2026,2025-11-02,qualcomm,qualcomm,825,207810,825,10,9
2026,2025-11-09,qualcomm,qualcomm,4173,211983,4173,50,48
2026,2025-11-16,qualcomm,qualcomm,230,212213,230,7,6
2026,2025-11-23,qualcomm,qualcomm,3618,215831,3618,57,50
2026,2025-11-30,qualcomm,qualcomm,2492,218323,2492,12,10
2026,2025-12-07,qualcomm,qualcomm,3265,221588,3265,54,49
2026,2025-12-14,qualcomm,qualcomm,1330,222918,1330,13,10
2026,2025-12-21,qualcomm,qualcomm,3383,226301,3383,53,48
2026,2025-12-28,qualcomm,qualcomm,565,226866,565,11,9
2026,2026-01-04,qualcomm,qualcomm,3695,230561,3695,49,49
2026,2026-01-11,qualcomm,qualcomm,250,230811,250,1,1
2026,2026-02-01,qualcomm,qualcomm,250,231061,250,1,1
2026,2026-02-08,qualcomm,qualcomm,45500,276561,45500,3,3
2026,2026-02-15,qualcomm,qualcomm,4462,281023,4462,25,13
2026,2023-03-12,ripple,ripple,3300,3300,3300,1,1
2026,2025-02-23,ripple,ripple,12000,15300,12000,3,1
2026,2025-03-09,ripple,ripple,100,15400,100,1,1
2026,2025-04-06,ripple,ripple,250,15650,250,2,1
2026,2025-04-27,ripple,ripple,30,15680,30,1,1
2026,2025-05-11,ripple,ripple,51060,66740,51060,3,2
2026,2025-06-01,ripple,ripple,4000,70740,4000,2,2
2026,2025-06-22,ripple,ripple,100000,170740,100000,1,1
2026,2025-06-29,ripple,ripple,376760,547500,432460,20,3
2026,2025-07-06,ripple,ripple,48300,595800,48300,16,1
2026,2025-07-20,ripple,ripple,7000,602800,7000,1,1
2026,2025-07-27,ripple,ripple,5000,607800,5000,2,1
2026,2025-08-24,ripple,ripple,4000,611800,4000,2,2
2026,2025-10-26,ripple,ripple,25000,636800,25000,1,1
2026,2025-11-02,ripple,ripple,25000,661800,25000,1,1
2026,2025-11-09,ripple,ripple,25,661825,25,1,1
2026,2025-11-16,ripple,ripple,7111,668936,10597,5,3
2026,2025-11-23,ripple,ripple,3643,672579,3786,3,1
2026,2025-11-30,ripple,ripple,100,672679,100,1,1
2026,2025-12-14,ripple,ripple,17150,689829,17150,2,2
2026,2025-12-21,ripple,ripple,2000,691829,2000,1,1
2026,2026-01-04,ripple,ripple,200,692029,200,1,1
2026,2026-01-25,ripple,ripple,500,692529,500,1,1
2026,2026-02-01,ripple,ripple,100,692629,100,1,1
2026,2026-02-15,ripple,ripple,25,692654,25,1,1
2026,2026-03-01,ripple,ripple,310000,1002654,310000,3,1
2026,2023-03-26,salesforce,salesforce,3300,3300,3300,1,1
2026,2023-07-02,salesforce,salesforce,300,3600,300,1,1
2026,2025-01-05,salesforce,salesforce,1288,4888,1288,5,4
2026,2025-01-12,salesforce,salesforce,410,5298,410,5,5
2026,2025-01-19,salesforce,salesforce,327,5625,327,3,3
2026,2025-01-26,salesforce,salesforce,1243,6868,1243,5,5
2026,2025-02-02,salesforce,salesforce,1223,8091,1223,5,5
2026,2025-02-09,salesforce,salesforce,2505,10596,2505,9,8
2026,2025-02-16,salesforce,salesforce,1125,11721,1125,5,5
2026,2025-02-23,salesforce,salesforce,1980,13701,1980,7,7
2026,2025-03-02,salesforce,salesforce,6223,19924,6223,12,11
2026,2025-03-09,salesforce,salesforce,580,20504,580,8,8
2026,2025-03-16,salesforce,salesforce,27310,47814,27310,11,8
2026,2025-03-23,salesforce,salesforce,8747,56561,12247,12,6
2026,2025-03-30,salesforce,salesforce,3000,59561,3000,12,10
2026,2025-04-06,salesforce,salesforce,1320,60881,1320,8,8
2026,2025-04-13,salesforce,salesforce,648,61529,648,7,7
2026,2025-04-20,salesforce,salesforce,1685,63214,1685,10,8
2026,2025-04-27,salesforce,salesforce,3700,66914,3700,4,4
2026,2025-05-04,salesforce,salesforce,1192,68106,1192,15,14
2026,2025-05-11,salesforce,salesforce,1715,69821,1715,11,10
2026,2025-05-18,salesforce,salesforce,467,70288,467,7,7
2026,2025-05-25,salesforce,salesforce,353,70641,353,5,5
2026,2025-06-01,salesforce,salesforce,1440,72081,1440,14,14
2026,2025-06-08,salesforce,salesforce,2876,74957,2876,7,7
2026,2025-06-15,salesforce,salesforce,2388,77345,2388,10,10
2026,2025-06-22,salesforce,salesforce,1585,78930,1585,9,9
2026,2025-06-29,salesforce,salesforce,1208,80138,1208,8,7
2026,2025-07-06,salesforce,salesforce,1690,81828,1690,19,19
2026,2025-07-13,salesforce,salesforce,2545,84373,2545,16,16
2026,2025-07-20,salesforce,salesforce,4079,88452,4079,17,16
2026,2025-07-27,salesforce,salesforce,1216,89668,1216,11,11
2026,2025-08-03,salesforce,salesforce,363,90031,363,7,7
2026,2025-08-10,salesforce,salesforce,2094,92125,2094,18,18
2026,2025-08-17,salesforce,salesforce,680,92805,680,14,14
2026,2025-08-24,salesforce,salesforce,761,93566,761,12,12
2026,2025-08-31,salesforce,salesforce,688,94254,688,10,10
2026,2025-09-07,salesforce,salesforce,675,94929,675,15,14
2026,2025-09-14,salesforce,salesforce,916,95845,916,17,15
2026,2025-09-21,salesforce,salesforce,2574,98419,2574,19,18
2026,2025-09-28,salesforce,salesforce,7242,105661,7242,18,18
2026,2025-10-05,salesforce,salesforce,5432,111093,5432,16,16
2026,2025-10-12,salesforce,salesforce,930,112023,930,20,17
2026,2025-10-19,salesforce,salesforce,1676,113699,1676,16,15
2026,2025-10-26,salesforce,salesforce,3039,116738,3039,16,16
2026,2025-11-02,salesforce,salesforce,9171,125909,9171,20,19
2026,2025-11-09,salesforce,salesforce,617,126526,617,17,14
2026,2025-11-16,salesforce,salesforce,718,127244,718,16,16
2026,2025-11-23,salesforce,salesforce,620,127864,620,16,16
2026,2025-11-30,salesforce,salesforce,7923,135787,7923,18,17
2026,2025-12-07,salesforce,salesforce,1020,136807,1020,22,20
2026,2025-12-14,salesforce,salesforce,1217,138024,1217,19,18
2026,2025-12-21,salesforce,salesforce,1263,139287,1263,19,16
2026,2025-12-28,salesforce,salesforce,1895,141182,1895,17,17
2026,2026-01-04,salesforce,salesforce,839,142021,839,9,9
2026,2026-01-11,salesforce,salesforce,1130,143151,1130,4,4
2026,2026-01-25,salesforce,salesforce,1105,144256,1105,5,5
2026,2026-02-01,salesforce,salesforce,902,145158,902,5,5
2026,2026-02-08,salesforce,salesforce,150,145308,150,3,3
2026,2026-02-15,salesforce,salesforce,1005,146313,1005,2,2
2026,2026-02-22,salesforce,salesforce,1100,147413,1100,2,2
2026,2026-03-01,salesforce,salesforce,500,147913,500,1,1
2026,2026-03-22,salesforce,salesforce,250,148163,250,1,1
2026,2026-04-05,salesforce,salesforce,1000,149163,1000,1,1
2026,2025-04-20,sequoia,sequoia,1000,1000,1000,1,1
2026,2025-04-27,sequoia,sequoia,2000,3000,7300,4,1
2026,2025-06-01,sequoia,sequoia,4800,7800,4800,1,1
2026,2025-07-06,sequoia,sequoia,50000,57800,50000,1,1
2026,2025-09-14,sequoia,sequoia,7000,64800,7000,2,1
2026,2025-10-26,sequoia,sequoia,25000,89800,25000,1,1
2026,2025-11-09,sequoia,sequoia,15000,104800,15000,2,2
2026,2025-12-07,sequoia,sequoia,3500,108300,7000,3,1
2026,2025-12-14,sequoia,sequoia,5000,113300,5000,2,1
2026,2025-01-19,shopify,shopify,100,100,100,1,1
2026,2025-02-23,shopify,shopify,100,200,100,1,1
2026,2025-03-23,shopify,shopify,100,300,100,1,1
2026,2025-04-20,shopify,shopify,100,400,100,1,1
2026,2025-05-25,shopify,shopify,100,500,100,1,1
2026,2025-06-22,shopify,shopify,100,600,100,1,1
2026,2025-07-13,shopify,shopify,20,620,20,1,1
2026,2025-07-20,shopify,shopify,100,720,100,1,1
2026,2025-07-27,shopify,shopify,7000,7720,7000,2,1
2026,2025-08-10,shopify,shopify,1000,8720,1000,1,1
2026,2025-08-17,shopify,shopify,20,8740,20,1,1
2026,2025-08-24,shopify,shopify,100,8840,100,1,1
2026,2025-09-07,shopify,shopify,500,9340,500,1,1
2026,2025-09-14,shopify,shopify,20,9360,20,1,1
2026,2025-09-21,shopify,shopify,100,9460,100,1,1
2026,2025-10-19,shopify,shopify,120,9580,120,2,2
2026,2025-11-16,shopify,shopify,20,9600,20,1,1
2026,2025-11-23,shopify,shopify,100,9700,100,1,1
2026,2025-12-14,shopify,shopify,20,9720,20,1,1
2026,2025-12-21,shopify,shopify,300,10020,300,2,2
2026,2026-02-22,shopify,shopify,110,10130,110,2,1
2026,2026-03-01,shopify,shopify,11,10141,11,1,1
2026,2023-05-28,stripe,stripe,1000,1000,1000,1,1
2026,2025-01-05,stripe,stripe,55,1055,55,2,2
2026,2025-01-19,stripe,stripe,35,1090,35,1,1
2026,2025-01-26,stripe,stripe,100,1190,100,1,1
2026,2025-02-02,stripe,stripe,500,1690,500,1,1
2026,2025-02-09,stripe,stripe,55,1745,55,2,2
2026,2025-02-16,stripe,stripe,4385,6130,4385,4,3
2026,2025-02-23,stripe,stripe,1270,7400,1270,3,2
2026,2025-03-02,stripe,stripe,100,7500,100,1,1
2026,2025-03-09,stripe,stripe,55,7555,55,2,2
2026,2025-03-16,stripe,stripe,135,7690,135,2,2
2026,2025-03-23,stripe,stripe,500,8190,500,1,1
2026,2025-03-30,stripe,stripe,34150,42340,34150,6,3
2026,2025-04-06,stripe,stripe,55,42395,55,2,2
2026,2025-04-13,stripe,stripe,20100,62495,20100,2,2
2026,2025-04-20,stripe,stripe,35,62530,35,1,1
2026,2025-04-27,stripe,stripe,600,63130,600,3,3
2026,2025-05-04,stripe,stripe,55,63185,55,2,2
2026,2025-05-11,stripe,stripe,600,63785,600,3,3
2026,2025-05-18,stripe,stripe,135,63920,135,2,2
2026,2025-05-25,stripe,stripe,300,64220,300,2,2
2026,2025-06-01,stripe,stripe,250,64470,250,1,1
2026,2025-06-08,stripe,stripe,105,64575,105,3,3
2026,2025-06-15,stripe,stripe,135,64710,135,2,2
2026,2025-06-22,stripe,stripe,7100,71810,7100,3,2
2026,2025-07-06,stripe,stripe,65500,137310,65500,35,33
2026,2025-07-13,stripe,stripe,6106,143416,6106,4,4
2026,2025-07-20,stripe,stripe,535,143951,535,2,2
2026,2025-07-27,stripe,stripe,150,144101,150,3,2
2026,2025-08-03,stripe,stripe,55,144156,55,2,2
2026,2025-08-10,stripe,stripe,300,144456,300,2,2
2026,2025-08-17,stripe,stripe,1141,145597,1141,4,3
2026,2025-08-24,stripe,stripe,177,145774,177,4,3
2026,2025-08-31,stripe,stripe,12750,158524,12750,3,3
2026,2025-09-07,stripe,stripe,7105,165629,10605,6,4
2026,2025-09-14,stripe,stripe,1141,166770,1141,4,3
2026,2025-09-21,stripe,stripe,2702,169472,2702,5,5
2026,2025-09-28,stripe,stripe,1500,170972,1500,2,2
2026,2025-10-05,stripe,stripe,5875,176847,5875,6,6
2026,2025-10-12,stripe,stripe,5401,182248,5401,3,3
2026,2025-10-19,stripe,stripe,627,182875,627,3,3
2026,2025-10-26,stripe,stripe,575,183450,575,3,3
2026,2025-11-02,stripe,stripe,325,183775,325,3,3
2026,2025-11-09,stripe,stripe,327,184102,327,3,3
2026,2025-11-16,stripe,stripe,100,184202,100,1,1
2026,2025-11-23,stripe,stripe,17602,201804,17602,6,6
2026,2025-11-30,stripe,stripe,75,201879,75,2,2
2026,2025-12-07,stripe,stripe,1600,203479,1600,3,3
2026,2025-12-14,stripe,stripe,5600,209079,5600,4,3
2026,2025-12-21,stripe,stripe,352,209431,352,4,4
2026,2026-01-04,stripe,stripe,40821,250252,40821,34,34
2026,2026-01-11,stripe,stripe,1000,251252,1000,1,1
2026,2026-01-18,stripe,stripe,500,251752,500,2,1
2026,2026-04-05,stripe,stripe,32309,284061,32309,32,32
2026,2025-01-05,tesla,tesla,106,106,106,3,3
2026,2025-01-12,tesla,tesla,362,468,362,9,5
2026,2025-01-19,tesla,tesla,72,540,72,13,3
2026,2025-01-26,tesla,tesla,497,1037,497,11,5
2026,2025-02-02,tesla,tesla,1695,2732,1695,12,6
2026,2025-02-09,tesla,tesla,959,3691,979,16,8
2026,2025-02-16,tesla,tesla,36,3727,36,10,3
2026,2025-02-23,tesla,tesla,212,3939,212,15,4
2026,2025-03-02,tesla,tesla,483,4422,483,21,5
2026,2025-03-09,tesla,tesla,534,4956,534,16,5
2026,2025-03-16,tesla,tesla,549,5505,549,17,3
2026,2025-03-23,tesla,tesla,352,5857,352,41,5
2026,2025-03-30,tesla,tesla,1499,7356,1499,22,5
2026,2025-04-06,tesla,tesla,523,7879,523,14,5
2026,2025-04-13,tesla,tesla,3,7882,3,2,1
2026,2025-04-20,tesla,tesla,787,8669,787,17,3
2026,2025-04-27,tesla,tesla,246,8915,246,11,5
2026,2025-05-04,tesla,tesla,495,9410,495,13,6
2026,2025-05-11,tesla,tesla,577,9987,577,12,5
2026,2025-05-18,tesla,tesla,220,10207,220,11,3
2026,2025-05-25,tesla,tesla,310,10517,310,8,6
2026,2025-06-01,tesla,tesla,185,10702,185,5,4
2026,2025-06-08,tesla,tesla,7251,17953,7251,22,6
2026,2025-06-15,tesla,tesla,78,18031,78,27,3
2026,2025-06-22,tesla,tesla,207,18238,207,12,5
2026,2025-06-29,tesla,tesla,1508,19746,1508,12,8
2026,2025-07-06,tesla,tesla,776,20522,776,19,7
2026,2025-07-13,tesla,tesla,47,20569,47,7,4
2026,2025-07-20,tesla,tesla,72,20641,72,11,4
2026,2025-07-27,tesla,tesla,345,20986,345,17,9
2026,2025-08-03,tesla,tesla,460,21446,460,17,9
2026,2025-08-10,tesla,tesla,4001,25447,4001,13,8
2026,2025-08-17,tesla,tesla,1104,26551,1104,11,7
2026,2025-08-24,tesla,tesla,2286,28837,2286,15,10
2026,2025-08-31,tesla,tesla,197,29034,197,14,7
2026,2025-09-07,tesla,tesla,1404,30438,1404,21,9
2026,2025-09-14,tesla,tesla,2399,32837,2399,13,7
2026,2025-09-21,tesla,tesla,1767,34604,1767,19,11
2026,2025-09-28,tesla,tesla,2198,36802,2198,13,10
2026,2025-10-05,tesla,tesla,836,37638,836,11,9
2026,2025-10-12,tesla,tesla,141,37779,141,10,6
2026,2025-10-19,tesla,tesla,212,37991,212,7,7
2026,2025-10-26,tesla,tesla,384,38375,384,6,6
2026,2025-11-02,tesla,tesla,440,38815,440,7,7
2026,2025-11-09,tesla,tesla,1073,39888,1073,11,10
2026,2025-11-16,tesla,tesla,112,40000,112,6,5
2026,2025-11-23,tesla,tesla,423,40423,423,14,9
2026,2025-11-30,tesla,tesla,1258,41681,1258,7,7
2026,2025-12-07,tesla,tesla,466,42147,466,10,8
2026,2025-12-14,tesla,tesla,1646,43793,1646,15,7
2026,2025-12-21,tesla,tesla,950,44743,950,8,8
2026,2025-12-28,tesla,tesla,437,45180,437,8,7
2026,2026-01-04,tesla,tesla,2425,47605,2425,13,8
2026,2026-01-11,tesla,tesla,400,48005,400,3,3
2026,2026-01-18,tesla,tesla,10,48015,10,1,1
2026,2026-01-25,tesla,tesla,310,48325,310,2,2
2026,2026-02-08,tesla,tesla,100,48425,100,1,1
2026,2026-02-15,tesla,tesla,175,48600,175,5,2
2026,2026-02-22,tesla,tesla,420,49020,420,5,3
2026,2025-01-05,uber,uber,5,5,113,9,5
2026,2025-01-12,uber,uber,684,689,684,29,9
2026,2025-01-19,uber,uber,205,894,205,11,5
2026,2025-01-26,uber,uber,56,950,56,4,3
2026,2025-02-02,uber,uber,3749,4699,3749,8,6
2026,2025-02-09,uber,uber,24,4723,24,3,1
2026,2025-02-16,uber,uber,949,5672,949,14,11
2026,2025-02-23,uber,uber,221,5893,221,8,5
2026,2025-03-02,uber,uber,1065,6958,1065,15,9
2026,2025-03-09,uber,uber,23,6981,23,8,3
2026,2025-03-16,uber,uber,878,7859,878,16,12
2026,2025-03-23,uber,uber,56,7915,56,4,3
2026,2025-03-30,uber,uber,321,8236,321,10,7
2026,2025-04-06,uber,uber,214,8450,214,11,6
2026,2025-04-13,uber,uber,783,9233,783,12,9
2026,2025-04-20,uber,uber,1388,10621,1388,10,8
2026,2025-04-27,uber,uber,329,10950,329,13,7
2026,2025-05-04,uber,uber,191,11141,191,14,9
2026,2025-05-11,uber,uber,558,11699,558,14,8
2026,2025-05-18,uber,uber,830,12529,830,8,7
2026,2025-05-25,uber,uber,159,12688,159,13,7
2026,2025-06-01,uber,uber,364,13052,364,14,11
2026,2025-06-08,uber,uber,152,13204,152,5,5
2026,2025-06-15,uber,uber,679,13883,679,9,8
2026,2025-06-22,uber,uber,405,14288,405,11,6
2026,2025-06-29,uber,uber,7842,22130,7842,16,12
2026,2025-07-06,uber,uber,1389,23519,1389,19,10
2026,2025-07-13,uber,uber,1853,25372,1853,23,13
2026,2025-07-20,uber,uber,484,25856,484,16,7
2026,2025-07-27,uber,uber,433,26289,433,20,11
2026,2025-08-03,uber,uber,254,26543,254,13,10
2026,2025-08-10,uber,uber,683,27226,683,20,12
2026,2025-08-17,uber,uber,1092,28318,1092,21,13
2026,2025-08-24,uber,uber,283,28601,283,17,6
2026,2025-08-31,uber,uber,3947,32548,3947,25,16
2026,2025-09-07,uber,uber,4536,37084,4536,15,13
2026,2025-09-14,uber,uber,802,37886,802,18,12
2026,2025-09-21,uber,uber,467,38353,467,16,9
2026,2025-09-28,uber,uber,498,38851,498,26,16
2026,2025-10-05,uber,uber,365,39216,365,17,10
2026,2025-10-12,uber,uber,384,39600,384,22,13
2026,2025-10-19,uber,uber,4296,43896,4296,24,13
2026,2025-10-26,uber,uber,735,44631,735,25,16
2026,2025-11-02,uber,uber,947,45578,947,31,19
2026,2025-11-09,uber,uber,1375,46953,1375,20,13
2026,2025-11-16,uber,uber,1316,48269,1316,25,19
2026,2025-11-23,uber,uber,580,48849,580,24,14
2026,2025-11-30,uber,uber,459,49308,459,28,16
2026,2025-12-07,uber,uber,1398,50706,1398,22,15
2026,2025-12-14,uber,uber,2639,53345,2639,28,13
2026,2025-12-21,uber,uber,405,53750,405,33,11
2026,2025-12-28,uber,uber,422,54172,422,21,14
2026,2026-01-04,uber,uber,3796,57968,3796,21,10
2026,2026-01-11,uber,uber,3,57971,3,1,1
2026,2026-01-18,uber,uber,1,57972,1,9,2
2026,2026-01-25,uber,uber,526,58498,526,3,3
2026,2026-02-01,uber,uber,2086,60584,2086,9,3
2026,2026-02-08,uber,uber,25,60609,25,4,3
2026,2026-02-15,uber,uber,254,60863,254,2,2
2026,2026-02-22,uber,uber,26,60889,26,2,2
2026,2026-03-01,uber,uber,404,61293,404,2,2
2026,2026-03-08,uber,uber,0,61293,0,2,2
2026,2026-03-15,uber,uber,809,62102,809,2,2
2026,2026-03-22,uber,uber,274,62376,274,2,2
2026,2025-05-04,union_square_ventures,union-square-ventures,2026,2026,2026,1,1
2026,2025-05-25,union_square_ventures,union-square-ventures,2026,4052,2026,1,1
2026,2025-06-15,union_square_ventures,union-square-ventures,7000,11052,7000,2,1
2026,2025-06-29,union_square_ventures,union-square-ventures,3500,14552,3500,1,1
2026,2025-09-28,union_square_ventures,union-square-ventures,1000,15552,1000,1,1
2026,2025-10-19,union_square_ventures,union-square-ventures,1000,16552,1000,1,1
2026,2025-11-02,union_square_ventures,union-square-ventures,3500,20052,3500,1,1
2026,2025-12-14,union_square_ventures,union-square-ventures,3500,23552,3500,1,1
2026,2026-01-04,union_square_ventures,union-square-ventures,1500,25052,1500,1,1
2026,2023-05-07,x_twitter_spacex,x-twitter-spacex,2000,2000,2000,1,1
2026,2025-01-05,x_twitter_spacex,x-twitter-spacex,1250,3250,1250,2,2
2026,2025-01-12,x_twitter_spacex,x-twitter-spacex,875,4125,875,3,3
2026,2025-01-19,x_twitter_spacex,x-twitter-spacex,96467,100592,96467,164,162
2026,2025-01-26,x_twitter_spacex,x-twitter-spacex,1985,102577,1985,7,6
2026,2025-02-02,x_twitter_spacex,x-twitter-spacex,10130,112707,10130,46,44
2026,2025-02-09,x_twitter_spacex,x-twitter-spacex,443,113150,443,4,3
2026,2025-02-16,x_twitter_spacex,x-twitter-spacex,3453,116603,3453,15,13
2026,2025-02-23,x_twitter_spacex,x-twitter-spacex,4205662,4322265,4205662,13,7
2026,2025-03-02,x_twitter_spacex,x-twitter-spacex,4011232,8333497,4011232,89,84
2026,2025-03-09,x_twitter_spacex,x-twitter-spacex,621,8334118,621,3,3
2026,2025-03-16,x_twitter_spacex,x-twitter-spacex,1255,8335373,1255,17,16
2026,2025-03-23,x_twitter_spacex,x-twitter-spacex,5545776,13881149,5560476,27,4
2026,2025-03-30,x_twitter_spacex,x-twitter-spacex,1142116,15023265,1167156,532,490
2026,2025-04-06,x_twitter_spacex,x-twitter-spacex,13500,15036765,13500,6,2
2026,2025-04-13,x_twitter_spacex,x-twitter-spacex,3253526,18290291,3253526,20,17
2026,2025-04-20,x_twitter_spacex,x-twitter-spacex,706,18290997,706,8,4
2026,2025-04-27,x_twitter_spacex,x-twitter-spacex,61846,18352843,61846,505,502
2026,2025-05-04,x_twitter_spacex,x-twitter-spacex,900,18353743,900,3,2
2026,2025-05-11,x_twitter_spacex,x-twitter-spacex,751,18354494,751,10,10
2026,2025-05-18,x_twitter_spacex,x-twitter-spacex,196,18354690,196,5,3
2026,2025-05-25,x_twitter_spacex,x-twitter-spacex,67614,18422304,67614,1761,1753
2026,2025-06-01,x_twitter_spacex,x-twitter-spacex,5050,18427354,5050,3,3
2026,2025-06-08,x_twitter_spacex,x-twitter-spacex,2081,18429435,2081,41,41
2026,2025-06-15,x_twitter_spacex,x-twitter-spacex,3805,18433240,3805,10,8
2026,2025-06-22,x_twitter_spacex,x-twitter-spacex,98488,18531728,98488,1907,1899
2026,2025-06-29,x_twitter_spacex,x-twitter-spacex,15004640,33536368,15004640,9,6
2026,2025-07-06,x_twitter_spacex,x-twitter-spacex,27350207,60886575,27350207,24,22
2026,2025-07-13,x_twitter_spacex,x-twitter-spacex,375,60886950,375,2,2
2026,2025-07-20,x_twitter_spacex,x-twitter-spacex,93492,60980442,93492,1870,1863
2026,2025-07-27,x_twitter_spacex,x-twitter-spacex,43,60980485,43,1,1
2026,2025-08-03,x_twitter_spacex,x-twitter-spacex,861,60981346,901,31,31
2026,2025-08-10,x_twitter_spacex,x-twitter-spacex,400670,61382016,400670,5,5
2026,2025-08-17,x_twitter_spacex,x-twitter-spacex,1714,61383730,1714,28,27
2026,2025-08-24,x_twitter_spacex,x-twitter-spacex,344,61384074,344,5,5
2026,2025-08-31,x_twitter_spacex,x-twitter-spacex,135641,61519715,135641,1829,1822
2026,2025-09-07,x_twitter_spacex,x-twitter-spacex,350,61520065,350,2,2
2026,2025-09-14,x_twitter_spacex,x-twitter-spacex,2285,61522350,2285,26,26
2026,2025-09-21,x_twitter_spacex,x-twitter-spacex,2514,61524864,2514,9,9
2026,2025-09-28,x_twitter_spacex,x-twitter-spacex,90390,61615254,90390,1819,1812
2026,2025-10-05,x_twitter_spacex,x-twitter-spacex,755,61616009,755,5,5
2026,2025-10-12,x_twitter_spacex,x-twitter-spacex,2135,61618144,2135,34,34
2026,2025-10-19,x_twitter_spacex,x-twitter-spacex,35,61618179,35,2,2
2026,2025-10-26,x_twitter_spacex,x-twitter-spacex,98712,61716891,99132,2251,2240
2026,2025-11-02,x_twitter_spacex,x-twitter-spacex,121,61717012,121,5,5
2026,2025-11-09,x_twitter_spacex,x-twitter-spacex,768,61717780,988,14,14
2026,2025-11-16,x_twitter_spacex,x-twitter-spacex,1415,61719195,1415,5,3
2026,2025-11-23,x_twitter_spacex,x-twitter-spacex,99947,61819142,99947,2255,2243
2026,2025-11-30,x_twitter_spacex,x-twitter-spacex,821,61819963,821,7,6
2026,2025-12-07,x_twitter_spacex,x-twitter-spacex,1286,61821249,1286,33,33
2026,2025-12-14,x_twitter_spacex,x-twitter-spacex,3873,61825122,3873,13,13
2026,2025-12-21,x_twitter_spacex,x-twitter-spacex,10845726,72670848,10845726,2227,2213
2026,2025-12-28,x_twitter_spacex,x-twitter-spacex,1735,72672583,1735,6,6
2026,2026-01-04,x_twitter_spacex,x-twitter-spacex,1732132,74404715,1732132,10,8
2026,2026-01-11,x_twitter_spacex,x-twitter-spacex,4710,74409425,4710,7,7
2026,2026-01-18,x_twitter_spacex,x-twitter-spacex,6378,74415803,6378,15,15
2026,2026-01-25,x_twitter_spacex,x-twitter-spacex,35465,74451268,35465,49,49
2026,2026-02-01,x_twitter_spacex,x-twitter-spacex,492958,74944226,492958,955,942
2026,2026-02-08,x_twitter_spacex,x-twitter-spacex,6550,74950776,6550,12,12
2026,2026-02-15,x_twitter_spacex,x-twitter-spacex,2799,74953575,2799,13,13
2026,2026-02-22,x_twitter_spacex,x-twitter-spacex,1692,74955267,1692,3,3
2026,2026-03-01,x_twitter_spacex,x-twitter-spacex,20600,74975867,21021,169,167
2026,2025-01-12,zoom,zoom,48,48,48,1,1
2026,2025-01-19,zoom,zoom,158,206,158,1,1
2026,2025-02-16,zoom,zoom,48,254,48,1,1
2026,2025-03-09,zoom,zoom,22500,22754,22500,6,4
2026,2025-03-16,zoom,zoom,48,22802,48,1,1
2026,2025-03-23,zoom,zoom,2500,25302,2500,1,1
2026,2025-04-06,zoom,zoom,250,25552,250,1,1
2026,2025-04-13,zoom,zoom,48,25600,48,1,1
2026,2025-04-27,zoom,zoom,600,26200,600,2,2
2026,2025-05-11,zoom,zoom,48,26248,48,1,1
2026,2025-05-18,zoom,zoom,50,26298,50,1,1
2026,2025-06-15,zoom,zoom,348,26646,348,3,2
2026,2025-07-06,zoom,zoom,25,26671,25,1,1
2026,2025-07-13,zoom,zoom,98,26769,98,2,2
2026,2025-07-27,zoom,zoom,26050,52819,26050,8,2
2026,2025-08-03,zoom,zoom,17,52836,17,1,1
2026,2025-08-10,zoom,zoom,73,52909,73,2,2
2026,2025-08-17,zoom,zoom,50,52959,50,1,1
2026,2025-08-24,zoom,zoom,50,53009,50,1,1
2026,2025-09-07,zoom,zoom,42,53051,42,2,2
2026,2025-09-14,zoom,zoom,98,53149,98,2,2
2026,2025-09-28,zoom,zoom,7050,60199,7050,3,2
2026,2025-10-05,zoom,zoom,42,60241,42,2,2
2026,2025-10-12,zoom,zoom,98,60339,98,2,2
2026,2025-10-19,zoom,zoom,3750,64089,3750,2,2
2026,2025-10-26,zoom,zoom,50,64139,50,1,1
2026,2025-11-02,zoom,zoom,3500,67639,3500,1,1
2026,2025-11-09,zoom,zoom,137,67776,137,3,2
2026,2025-11-16,zoom,zoom,98,67874,98,2,2
2026,2025-11-23,zoom,zoom,83,67957,83,2,2
2026,2025-11-30,zoom,zoom,3533,71490,3533,2,2
2026,2025-12-07,zoom,zoom,17,71507,17,1,1
2026,2025-12-14,zoom,zoom,7143,78650,7143,4,3
2026,2025-12-21,zoom,zoom,3500,82150,3500,1,1
2026,2025-12-28,zoom,zoom,83,82233,83,2,2
2026,2026-02-08,zoom,zoom,17,82250,17,1,1
2026,2026-02-15,zoom,zoom,95,82345,95,1,1
2026,2026-02-22,zoom,zoom,33,82378,33,1,1
