cycle,week_end,recipient_party,net_total,n_contributions,n_donors,n_committees
2026,2023-03-05,D,3300,1,1,1
2026,2023-03-12,D,3300,1,1,1
2026,2023-03-26,D,6600,2,2,1
2026,2023-04-16,D,3100,5,5,1
2026,2023-04-23,D,3800,2,2,1
2026,2023-05-07,D,5300,2,2,1
2026,2023-05-28,D,4000,3,3,1
2026,2023-06-11,D,2100,4,4,1
2026,2023-06-18,D,4550,4,4,1
2026,2023-06-25,D,7600,3,3,1
2026,2023-07-02,D,9700,4,4,1
2026,2024-12-29,D,375,5,5,1
2026,2025-01-05,D,7613,48,46,19
2026,2025-01-12,D,25126,85,72,32
2026,2025-01-19,D,52445,92,79,34
2026,2025-01-26,D,43495,99,84,38
2026,2025-02-02,D,103477,174,142,49
2026,2025-02-09,D,55832,163,137,52
2026,2025-02-16,D,66599,142,107,46
2026,2025-02-23,D,191292,222,177,66
2026,2025-03-02,D,120356,285,217,72
2026,2025-03-09,D,92021,209,167,64
2026,2025-03-16,D,248134,258,176,79
2026,2025-03-23,D,255838,305,228,88
2026,2025-03-30,D,371191,386,281,91
2026,2025-04-06,D,384985,310,250,86
2026,2025-04-13,D,50125,188,149,60
2026,2025-04-20,D,120832,263,221,69
2026,2025-04-27,D,74934,249,205,83
2026,2025-05-04,D,55038,253,231,83
2026,2025-05-11,D,97779,232,194,79
2026,2025-05-18,D,406697,241,193,77
2026,2025-05-25,D,69179,251,211,87
2026,2025-06-01,D,144704,304,255,102
2026,2025-06-08,D,79506,235,206,87
2026,2025-06-15,D,206679,316,259,112
2026,2025-06-22,D,1980228,344,288,107
2026,2025-06-29,D,503936,355,288,113
2026,2025-07-06,D,204430,455,382,138
2026,2025-07-13,D,68312,301,255,95
2026,2025-07-20,D,161338,343,295,91
2026,2025-07-27,D,111272,348,302,97
2026,2025-08-03,D,113759,372,319,102
2026,2025-08-10,D,78114,323,277,97
2026,2025-08-17,D,67531,299,252,92
2026,2025-08-24,D,72764,362,323,102
2026,2025-08-31,D,132360,394,329,119
2026,2025-09-07,D,111446,400,356,115
2026,2025-09-14,D,152126,422,358,128
2026,2025-09-21,D,196033,476,403,136
2026,2025-09-28,D,391270,564,450,180
2026,2025-10-05,D,337383,620,529,169
2026,2025-10-12,D,138760,450,378,126
2026,2025-10-19,D,377324,476,409,128
2026,2025-10-26,D,634455,630,482,127
2026,2025-11-02,D,165126,551,472,137
2026,2025-11-09,D,121348,455,389,125
2026,2025-11-16,D,112259,402,345,121
2026,2025-11-23,D,145729,474,416,146
2026,2025-11-30,D,121377,537,451,135
2026,2025-12-07,D,199229,488,426,144
2026,2025-12-14,D,217621,483,392,152
2026,2025-12-21,D,236515,493,429,156
2026,2025-12-28,D,170707,499,415,132
2026,2026-01-04,D,291402,483,405,161
2026,2026-01-11,D,115303,322,274,104
2026,2026-01-18,D,217613,309,262,97
2026,2026-01-25,D,235232,361,292,119
2026,2026-02-01,D,276196,431,340,154
2026,2026-02-08,D,456982,344,270,114
2026,2026-02-15,D,829700,340,276,121
2026,2026-02-22,D,273218,427,364,143
2026,2026-03-01,D,826554,544,422,168
2026,2026-03-08,D,174759,387,332,113
2026,2026-03-15,D,415670,393,315,127
2026,2026-03-22,D,267469,408,312,157
2026,2026-03-29,D,779770,557,416,160
2026,2026-04-05,D,1353389,547,435,180
2026,2026-04-12,D,3158942,339,286,112
2026,2026-04-19,D,162133,384,311,127
2026,2026-04-26,D,900224,412,347,142
2026,2026-05-03,D,614005,603,438,187
2026,2026-05-10,D,760396,448,365,138
2026,2026-05-17,D,316554,448,345,152
2026,2026-05-24,D,284188,539,426,152
2026,2026-05-31,D,401419,651,497,173
2026,2026-06-07,D,1563887,521,379,156
2026,2026-06-14,D,509417,473,385,135
2026,2026-06-21,D,286247,513,422,129
2026,2026-06-28,D,471079,502,414,158
2026,2026-07-05,D,436465,448,361,138
2026,2026-07-12,D,619333,182,155,58
2026,2026-07-19,D,95486,179,150,54
2026,2026-07-26,D,75067,173,151,50
2026,2026-08-02,D,904700,118,107,33
2026,2026-08-09,D,24650,16,14,8
2026,2026-08-16,D,8815,10,10,6
2026,2026-09-06,D,10000,2,1,1
2026,2025-01-05,Mixed,29145,159,159,2
2026,2025-01-12,Mixed,5000,1,1,1
2026,2025-01-19,Mixed,40109,214,214,4
2026,2025-01-26,Mixed,11340,10,10,3
2026,2025-02-02,Mixed,70522,344,343,7
2026,2025-02-09,Mixed,8015,13,13,4
2026,2025-02-16,Mixed,54454,311,311,8
2026,2025-02-23,Mixed,25990,21,21,6
2026,2025-03-02,Mixed,94215,491,489,10
2026,2025-03-09,Mixed,7316,22,22,5
2026,2025-03-16,Mixed,62674,556,556,8
2026,2025-03-23,Mixed,20128,29,29,5
2026,2025-03-30,Mixed,65822,348,348,8
2026,2025-04-06,Mixed,78507,510,509,6
2026,2025-04-13,Mixed,67453,404,404,8
2026,2025-04-20,Mixed,27567,323,323,5
2026,2025-04-27,Mixed,60480,422,422,10
2026,2025-05-04,Mixed,74125,555,554,8
2026,2025-05-11,Mixed,63913,475,473,8
2026,2025-05-18,Mixed,38612,552,551,5
2026,2025-05-25,Mixed,56001,478,477,7
2026,2025-06-01,Mixed,73170,830,829,8
2026,2025-06-08,Mixed,54728,494,493,9
2026,2025-06-15,Mixed,32918,602,602,6
2026,2025-06-22,Mixed,49167,503,503,6
2026,2025-06-29,Mixed,17492,39,39,4
2026,2025-07-06,Mixed,198630,1472,1471,12
2026,2025-07-13,Mixed,7742,48,48,5
2026,2025-07-20,Mixed,95982,1130,1130,9
2026,2025-07-27,Mixed,15235,46,46,4
2026,2025-08-03,Mixed,124214,1527,1520,7
2026,2025-08-10,Mixed,7757,48,48,6
2026,2025-08-17,Mixed,79081,1203,1203,7
2026,2025-08-24,Mixed,9180,47,45,4
2026,2025-08-31,Mixed,124922,1574,1572,9
2026,2025-09-07,Mixed,3282,55,55,5
2026,2025-09-14,Mixed,59199,580,579,8
2026,2025-09-21,Mixed,38254,708,708,7
2026,2025-09-28,Mixed,68740,574,574,8
2026,2025-10-05,Mixed,333332,1200,1199,6
2026,2025-10-12,Mixed,63870,761,760,9
2026,2025-10-19,Mixed,38986,725,725,5
2026,2025-10-26,Mixed,63469,760,759,9
2026,2025-11-02,Mixed,100733,1174,1172,5
2026,2025-11-09,Mixed,59003,789,782,8
2026,2025-11-16,Mixed,39279,1233,1233,6
2026,2025-11-23,Mixed,56884,770,770,7
2026,2025-11-30,Mixed,88408,1741,1739,5
2026,2025-12-07,Mixed,69859,793,792,8
2026,2025-12-14,Mixed,21563,76,75,6
2026,2025-12-21,Mixed,137551,1964,1961,11
2026,2025-12-28,Mixed,5079,72,72,4
2026,2026-01-04,Mixed,211015,2017,2014,11
2026,2026-01-11,Mixed,10000,2,2,2
2026,2026-01-18,Mixed,51516,224,224,8
2026,2026-01-25,Mixed,21422,12,12,3
2026,2026-02-01,Mixed,599583,362,360,12
2026,2026-02-08,Mixed,10322,29,29,3
2026,2026-02-15,Mixed,62117,332,320,8
2026,2026-02-22,Mixed,15112,36,34,5
2026,2026-03-01,Mixed,1087635,474,474,10
2026,2026-03-08,Mixed,4482,39,39,4
2026,2026-03-15,Mixed,69341,528,509,8
2026,2026-03-22,Mixed,29297,54,53,10
2026,2026-03-29,Mixed,64160,365,365,10
2026,2026-04-05,Mixed,99219,499,497,8
2026,2026-04-12,Mixed,67932,409,409,10
2026,2026-04-19,Mixed,26999,259,258,6
2026,2026-04-26,Mixed,65744,426,414,11
2026,2026-05-03,Mixed,211828,559,558,9
2026,2026-05-10,Mixed,565952,457,456,11
2026,2026-05-17,Mixed,40172,433,433,8
2026,2026-05-24,Mixed,113990,481,479,14
2026,2026-05-31,Mixed,151656,762,762,7
2026,2026-06-07,Mixed,64716,506,505,13
2026,2026-06-14,Mixed,23865,57,56,6
2026,2026-06-21,Mixed,77636,934,929,11
2026,2026-06-28,Mixed,19998,54,54,6
2026,2026-07-05,Mixed,10188829,1353,1351,13
2026,2026-07-12,Mixed,11967,56,56,5
2026,2026-07-19,Mixed,73903,971,971,8
2026,2026-07-26,Mixed,13713,59,59,3
2026,2026-08-02,Mixed,183313,1372,1372,10
2026,2025-01-05,R,381,7,7,5
2026,2025-01-12,R,1266,14,10,9
2026,2025-01-19,R,87272,186,175,14
2026,2025-01-26,R,5475,28,18,12
2026,2025-02-02,R,61528,72,59,15
2026,2025-02-09,R,1003261,22,14,11
2026,2025-02-16,R,27050,54,34,21
2026,2025-02-23,R,4294324,46,30,18
2026,2025-03-02,R,4130064,166,115,48
2026,2025-03-09,R,31033,41,23,22
2026,2025-03-16,R,26490,51,40,20
2026,2025-03-23,R,5827555,64,26,32
2026,2025-03-30,R,1220061,582,513,50
2026,2025-04-06,R,5183093,51,27,28
2026,2025-04-13,R,3330068,47,33,18
2026,2025-04-20,R,47052,31,18,12
2026,2025-04-27,R,107432,542,522,21
2026,2025-05-04,R,10508,47,28,20
2026,2025-05-11,R,260354,58,34,21
2026,2025-05-18,R,733277,52,30,18
2026,2025-05-25,R,380817,1806,1785,24
2026,2025-06-01,R,40445,55,31,24
2026,2025-06-08,R,277817,76,65,15
2026,2025-06-15,R,18585,73,29,20
2026,2025-06-22,R,104091,1953,1927,16
2026,2025-06-29,R,15081860,78,42,31
2026,2025-07-06,R,27482827,108,66,44
2026,2025-07-13,R,127172,57,34,19
2026,2025-07-20,R,124621,1922,1896,21
2026,2025-07-27,R,29634,56,33,27
2026,2025-08-03,R,3920,56,52,20
2026,2025-08-10,R,422389,37,26,22
2026,2025-08-17,R,23010,77,57,26
2026,2025-08-24,R,4160,44,30,21
2026,2025-08-31,R,168800,1865,1848,27
2026,2025-09-07,R,33252,40,31,23
2026,2025-09-14,R,12519144,53,45,20
2026,2025-09-21,R,62509,52,42,36
2026,2025-09-28,R,183909,1879,1851,33
2026,2025-10-05,R,56872,67,45,34
2026,2025-10-12,R,21507,73,62,22
2026,2025-10-19,R,17563,54,31,19
2026,2025-10-26,R,103970,2311,2269,23
2026,2025-11-02,R,33025,69,36,24
2026,2025-11-09,R,117799,107,59,33
2026,2025-11-16,R,61010,64,32,18
2026,2025-11-23,R,153653,2321,2272,26
2026,2025-11-30,R,55583,87,43,29
2026,2025-12-07,R,18456,93,66,24
2026,2025-12-14,R,31212,83,43,26
2026,2025-12-21,R,10886187,2314,2242,26
2026,2025-12-28,R,10734,85,40,25
2026,2026-01-04,R,1825445,77,43,34
2026,2026-01-11,R,7090,42,24,20
2026,2026-01-18,R,10011302,53,30,17
2026,2026-01-25,R,42829,82,73,21
2026,2026-02-01,R,586396,1024,978,33
2026,2026-02-08,R,222602,71,44,29
2026,2026-02-15,R,13099,61,39,19
2026,2026-02-22,R,551947,59,43,28
2026,2026-03-01,R,400422,268,227,55
2026,2026-03-08,R,781343,87,42,37
2026,2026-03-15,R,588047,145,76,61
2026,2026-03-22,R,57533,60,35,36
2026,2026-03-29,R,1175711,706,663,43
2026,2026-04-05,R,709935,106,62,45
2026,2026-04-12,R,51738,96,57,25
2026,2026-04-19,R,145910,56,33,20
2026,2026-04-26,R,132647,905,885,27
2026,2026-05-03,R,258887,95,36,36
2026,2026-05-10,R,45318,126,90,25
2026,2026-05-17,R,98518,118,78,30
2026,2026-05-24,R,349994,1686,1618,54
2026,2026-05-31,R,69593,53,33,31
2026,2026-06-07,R,50292,116,86,32
2026,2026-06-14,R,26154,46,34,25
2026,2026-06-21,R,147511,1962,1929,23
2026,2026-06-28,R,963604,85,45,38
2026,2026-07-05,R,537303,87,59,34
2026,2026-07-12,R,49768,30,21,13
2026,2026-07-19,R,33086,94,79,14
2026,2026-07-26,R,15779,39,24,15
2026,2026-08-02,R,366198,2412,2394,13
2026,2026-08-09,R,3615,1,1,1
2026,2026-08-16,R,50,1,1,1
2026,2023-11-05,Unknown,5000,1,1,1
2026,2025-01-05,Unknown,4652,94,52,14
2026,2025-01-12,Unknown,14368,132,56,14
2026,2025-01-19,Unknown,16386,177,63,14
2026,2025-01-26,Unknown,11191,117,60,18
2026,2025-02-02,Unknown,37319,117,70,19
2026,2025-02-09,Unknown,31604,127,81,19
2026,2025-02-16,Unknown,6941,136,59,16
2026,2025-02-23,Unknown,118872,154,66,25
2026,2025-03-02,Unknown,69780,195,83,23
2026,2025-03-09,Unknown,411263,171,94,26
2026,2025-03-16,Unknown,97190,196,91,25
2026,2025-03-23,Unknown,907271,201,92,34
2026,2025-03-30,Unknown,314431,178,87,33
2026,2025-04-06,Unknown,459682,168,96,35
2026,2025-04-13,Unknown,57949,169,80,25
2026,2025-04-20,Unknown,8650,160,74,26
2026,2025-04-27,Unknown,58093,134,60,24
2026,2025-05-04,Unknown,50035,189,90,31
2026,2025-05-11,Unknown,72403,159,89,25
2026,2025-05-18,Unknown,356548,125,70,30
2026,2025-05-25,Unknown,39367,130,80,31
2026,2025-06-01,Unknown,23945,116,79,27
2026,2025-06-08,Unknown,28388,139,81,28
2026,2025-06-15,Unknown,31167,155,91,31
2026,2025-06-22,Unknown,456959,139,80,37
2026,2025-06-29,Unknown,204384,152,86,40
2026,2025-07-06,Unknown,1175738,231,142,46
2026,2025-07-13,Unknown,22146,195,116,42
2026,2025-07-20,Unknown,132364,186,103,31
2026,2025-07-27,Unknown,25875,184,99,37
2026,2025-08-03,Unknown,30240,185,121,32
2026,2025-08-10,Unknown,280968,193,130,43
2026,2025-08-17,Unknown,21394,183,94,33
2026,2025-08-24,Unknown,25016321,179,101,39
2026,2025-08-31,Unknown,169907,164,100,35
2026,2025-09-07,Unknown,23664,204,135,37
2026,2025-09-14,Unknown,12565923,170,113,46
2026,2025-09-21,Unknown,152946,185,103,48
2026,2025-09-28,Unknown,337522,219,123,60
2026,2025-10-05,Unknown,117483,257,170,49
2026,2025-10-12,Unknown,572021,208,142,56
2026,2025-10-19,Unknown,56708,190,97,45
2026,2025-10-26,Unknown,292210,180,117,55
2026,2025-11-02,Unknown,61930,187,128,37
2026,2025-11-09,Unknown,1073832,274,154,49
2026,2025-11-16,Unknown,112514,251,128,39
2026,2025-11-23,Unknown,167523,264,134,59
2026,2025-11-30,Unknown,69842,239,142,46
2026,2025-12-07,Unknown,391924,237,152,48
2026,2025-12-14,Unknown,112183,232,130,47
2026,2025-12-21,Unknown,54469,236,115,48
2026,2025-12-28,Unknown,18718,234,117,40
2026,2026-01-04,Unknown,115822,161,100,40
2026,2026-01-11,Unknown,25453,34,26,17
2026,2026-01-18,Unknown,50638,53,39,25
2026,2026-01-25,Unknown,48466,75,61,29
2026,2026-02-01,Unknown,1059451,62,53,32
2026,2026-02-08,Unknown,34911,52,40,25
2026,2026-02-15,Unknown,25066941,76,40,27
2026,2026-02-22,Unknown,13163,63,43,27
2026,2026-03-01,Unknown,191381,63,50,34
2026,2026-03-08,Unknown,938995,61,52,36
2026,2026-03-15,Unknown,1089515,70,53,41
2026,2026-03-22,Unknown,327994,75,61,45
2026,2026-03-29,Unknown,247837,75,65,40
2026,2026-04-05,Unknown,358308,101,68,39
2026,2026-04-12,Unknown,158817,90,48,26
2026,2026-04-19,Unknown,102770,102,61,36
2026,2026-04-26,Unknown,90758,86,63,38
2026,2026-05-03,Unknown,197619,134,78,51
2026,2026-05-10,Unknown,6252918,124,88,53
2026,2026-05-17,Unknown,147607,117,87,44
2026,2026-05-24,Unknown,141141,112,70,39
2026,2026-05-31,Unknown,291709,124,87,46
2026,2026-06-07,Unknown,349936,128,92,45
2026,2026-06-14,Unknown,2688889,150,106,51
2026,2026-06-21,Unknown,119887,124,89,47
2026,2026-06-28,Unknown,227320,119,84,52
2026,2026-07-05,Unknown,212173,121,75,42
2026,2026-07-12,Unknown,30042,50,29,11
2026,2026-07-19,Unknown,2182,59,24,8
2026,2026-07-26,Unknown,13059,64,38,10
2026,2026-08-02,Unknown,4435,62,20,6
2026,2026-08-09,Unknown,4595,6,4,2
2026,2026-08-16,Unknown,1625,2,2,2
2026,2026-08-23,Unknown,725,3,2,1
2026,2026-08-30,Unknown,300,1,1,1
