cycle,week_end,recipient_bucket,net_total,n_contributions,n_donors,n_committees
2026,2023-03-05,candidate,3300,1,1,1
2026,2023-03-12,candidate,3300,1,1,1
2026,2023-03-26,candidate,6600,2,2,1
2026,2023-04-16,candidate,3100,5,5,1
2026,2023-04-23,candidate,3800,2,2,1
2026,2023-05-07,candidate,5300,2,2,1
2026,2023-05-28,candidate,4000,3,3,1
2026,2023-06-11,candidate,2100,4,4,1
2026,2023-06-18,candidate,4550,4,4,1
2026,2023-06-25,candidate,7600,3,3,1
2026,2023-07-02,candidate,9700,4,4,1
2026,2025-01-05,candidate,2088,16,15,12
2026,2025-01-12,candidate,9299,47,38,23
2026,2025-01-19,candidate,36170,69,51,29
2026,2025-01-26,candidate,32601,78,58,28
2026,2025-02-02,candidate,89243,126,101,36
2026,2025-02-09,candidate,34426,90,76,33
2026,2025-02-16,candidate,65803,112,79,45
2026,2025-02-23,candidate,99266,140,113,50
2026,2025-03-02,candidate,190216,197,131,81
2026,2025-03-09,candidate,102343,118,91,52
2026,2025-03-16,candidate,127391,152,100,66
2026,2025-03-23,candidate,227101,192,129,75
2026,2025-03-30,candidate,444032,290,180,95
2026,2025-04-06,candidate,205081,214,161,73
2026,2025-04-13,candidate,29815,105,87,47
2026,2025-04-20,candidate,48241,142,113,47
2026,2025-04-27,candidate,86624,148,112,67
2026,2025-05-04,candidate,40889,147,132,60
2026,2025-05-11,candidate,51391,116,100,56
2026,2025-05-18,candidate,123564,119,80,46
2026,2025-05-25,candidate,53692,140,107,68
2026,2025-06-01,candidate,131150,166,135,78
2026,2025-06-08,candidate,87377,115,100,54
2026,2025-06-15,candidate,93387,175,138,87
2026,2025-06-22,candidate,77181,157,133,71
2026,2025-06-29,candidate,218856,214,167,92
2026,2025-07-06,candidate,268423,277,204,116
2026,2025-07-13,candidate,63464,162,124,67
2026,2025-07-20,candidate,109148,175,143,61
2026,2025-07-27,candidate,128339,196,151,78
2026,2025-08-03,candidate,62525,197,159,71
2026,2025-08-10,candidate,71489,142,118,65
2026,2025-08-17,candidate,70353,149,109,72
2026,2025-08-24,candidate,55044,179,151,76
2026,2025-08-31,candidate,135150,212,165,94
2026,2025-09-07,candidate,108643,175,147,69
2026,2025-09-14,candidate,140725,229,186,96
2026,2025-09-21,candidate,181450,238,197,111
2026,2025-09-28,candidate,222913,325,247,142
2026,2025-10-05,candidate,263656,376,307,136
2026,2025-10-12,candidate,108575,225,171,88
2026,2025-10-19,candidate,118605,247,209,90
2026,2025-10-26,candidate,511706,386,271,86
2026,2025-11-02,candidate,163008,306,258,97
2026,2025-11-09,candidate,170915,252,205,97
2026,2025-11-16,candidate,79920,206,167,85
2026,2025-11-23,candidate,144662,246,198,115
2026,2025-11-30,candidate,127973,304,244,103
2026,2025-12-07,candidate,89601,255,219,99
2026,2025-12-14,candidate,213574,317,229,126
2026,2025-12-21,candidate,169152,274,219,121
2026,2025-12-28,candidate,147922,261,210,100
2026,2026-01-04,candidate,270848,396,312,146
2026,2026-01-11,candidate,99418,318,260,107
2026,2026-01-18,candidate,86609,301,247,96
2026,2026-01-25,candidate,118662,349,279,120
2026,2026-02-01,candidate,266007,430,327,160
2026,2026-02-08,candidate,163340,341,261,112
2026,2026-02-15,candidate,132232,331,259,114
2026,2026-02-22,candidate,183412,409,354,134
2026,2026-03-01,candidate,294389,557,425,186
2026,2026-03-08,candidate,144828,387,315,122
2026,2026-03-15,candidate,255917,421,307,157
2026,2026-03-22,candidate,286754,375,271,162
2026,2026-03-29,candidate,529259,521,383,171
2026,2026-04-05,candidate,397391,519,398,185
2026,2026-04-12,candidate,115526,312,249,102
2026,2026-04-19,candidate,184651,339,266,115
2026,2026-04-26,candidate,170693,356,294,132
2026,2026-05-03,candidate,522605,549,372,178
2026,2026-05-10,candidate,286406,405,314,122
2026,2026-05-17,candidate,296932,436,323,147
2026,2026-05-24,candidate,421514,479,337,159
2026,2026-05-31,candidate,364257,550,407,154
2026,2026-06-07,candidate,359292,439,304,139
2026,2026-06-14,candidate,176732,401,324,122
2026,2026-06-21,candidate,182105,391,325,115
2026,2026-06-28,candidate,217286,402,327,143
2026,2026-07-05,candidate,244511,361,277,127
2026,2026-07-12,candidate,51925,86,70,36
2026,2026-07-19,candidate,33030,61,45,25
2026,2026-07-26,candidate,49739,50,42,22
2026,2026-08-02,candidate,19041,22,19,12
2026,2026-08-09,candidate,32765,20,18,10
2026,2026-08-16,candidate,10465,12,12,8
2026,2026-08-23,candidate,725,3,2,1
2026,2026-08-30,candidate,300,1,1,1
2026,2023-11-05,outside_spending,5000,1,1,1
2026,2025-01-05,outside_spending,6055,39,36,14
2026,2025-01-12,outside_spending,20010,53,47,15
2026,2025-01-19,outside_spending,2989,53,36,12
2026,2025-01-26,outside_spending,3883,42,36,18
2026,2025-02-02,outside_spending,12320,86,63,20
2026,2025-02-09,outside_spending,1017031,92,73,26
2026,2025-02-16,outside_spending,11420,67,47,14
2026,2025-02-23,outside_spending,4226337,81,61,21
2026,2025-03-02,outside_spending,4013493,117,77,25
2026,2025-03-09,outside_spending,13936,108,80,25
2026,2025-03-16,outside_spending,55744,102,59,20
2026,2025-03-23,outside_spending,5802067,158,84,35
2026,2025-03-30,outside_spending,1026813,122,89,26
2026,2025-04-06,outside_spending,5160332,107,80,27
2026,2025-04-13,outside_spending,3263454,112,56,23
2026,2025-04-20,outside_spending,7007,95,60,21
2026,2025-04-27,outside_spending,50407,86,56,25
2026,2025-05-04,outside_spending,5674,103,73,27
2026,2025-05-11,outside_spending,6785,100,68,32
2026,2025-05-18,outside_spending,300432,94,59,32
2026,2025-05-25,outside_spending,22400,75,62,29
2026,2025-06-01,outside_spending,33828,92,76,31
2026,2025-06-08,outside_spending,16020,103,77,36
2026,2025-06-15,outside_spending,22380,116,69,32
2026,2025-06-22,outside_spending,1733685,113,84,40
2026,2025-06-29,outside_spending,15011330,72,60,28
2026,2025-07-06,outside_spending,28359421,201,141,47
2026,2025-07-13,outside_spending,11495,165,119,40
2026,2025-07-20,outside_spending,9375,163,109,36
2026,2025-07-27,outside_spending,11462,145,102,35
2026,2025-08-03,outside_spending,31323,161,119,36
2026,2025-08-10,outside_spending,663170,194,146,51
2026,2025-08-17,outside_spending,11089,148,105,32
2026,2025-08-24,outside_spending,25008496,152,116,37
2026,2025-08-31,outside_spending,16884,164,113,35
2026,2025-09-07,outside_spending,9815,216,152,57
2026,2025-09-14,outside_spending,25012044,154,108,39
2026,2025-09-21,outside_spending,10241,192,133,42
2026,2025-09-28,outside_spending,32298,153,112,42
2026,2025-10-05,outside_spending,264294,230,168,58
2026,2025-10-12,outside_spending,538262,189,149,49
2026,2025-10-19,outside_spending,259962,175,122,42
2026,2025-10-26,outside_spending,214563,149,119,47
2026,2025-11-02,outside_spending,19122,176,137,46
2026,2025-11-09,outside_spending,1014722,186,146,48
2026,2025-11-16,outside_spending,65656,155,115,33
2026,2025-11-23,outside_spending,65896,157,121,41
2026,2025-11-30,outside_spending,6362,154,116,39
2026,2025-12-07,outside_spending,467563,211,159,54
2026,2025-12-14,outside_spending,53702,183,124,42
2026,2025-12-21,outside_spending,10789412,187,135,46
2026,2025-12-28,outside_spending,23731,152,119,40
2026,2026-01-04,outside_spending,1761964,120,95,36
2026,2026-01-11,outside_spending,24453,25,23,15
2026,2026-01-18,outside_spending,10048713,37,29,15
2026,2026-01-25,outside_spending,113736,42,41,17
2026,2026-02-01,outside_spending,538001,50,43,22
2026,2026-02-08,outside_spending,106208,31,28,18
2026,2026-02-15,outside_spending,25663111,34,26,19
2026,2026-02-22,outside_spending,13426,38,35,22
2026,2026-03-01,outside_spending,1233374,48,37,30
2026,2026-03-08,outside_spending,760198,49,39,25
2026,2026-03-15,outside_spending,1015109,41,32,20
2026,2026-03-22,outside_spending,68826,48,42,25
2026,2026-03-29,outside_spending,1301035,68,46,22
2026,2026-04-05,outside_spending,1131332,76,63,31
2026,2026-04-12,outside_spending,3014211,59,49,24
2026,2026-04-19,outside_spending,66715,61,50,25
2026,2026-04-26,outside_spending,770910,61,54,27
2026,2026-05-03,outside_spending,50921,98,73,29
2026,2026-05-10,outside_spending,7157649,100,82,43
2026,2026-05-17,outside_spending,90907,79,63,28
2026,2026-05-24,outside_spending,67803,98,72,33
2026,2026-05-31,outside_spending,141611,113,79,36
2026,2026-06-07,outside_spending,1236776,111,86,40
2026,2026-06-14,outside_spending,2490135,84,63,26
2026,2026-06-21,outside_spending,14116,106,79,33
2026,2026-06-28,outside_spending,274721,100,72,33
2026,2026-07-05,outside_spending,10686204,110,67,29
2026,2026-07-12,outside_spending,526260,61,41,17
2026,2026-07-19,outside_spending,33959,81,42,16
2026,2026-07-26,outside_spending,8776,72,43,14
2026,2026-08-02,outside_spending,1066392,77,33,17
2026,2026-08-09,outside_spending,95,3,1,1
2026,2026-08-16,outside_spending,25,1,1,1
2026,2024-12-29,pac,375,5,5,1
2026,2025-01-05,pac,32498,247,207,10
2026,2025-01-12,pac,9395,117,50,11
2026,2025-01-19,pac,148092,531,436,16
2026,2025-01-26,pac,30017,121,72,17
2026,2025-02-02,pac,115894,475,440,28
2026,2025-02-09,pac,37842,113,80,19
2026,2025-02-16,pac,69574,434,376,23
2026,2025-02-23,pac,216066,180,99,37
2026,2025-03-02,pac,184583,745,652,37
2026,2025-03-09,pac,415975,159,104,30
2026,2025-03-16,pac,144322,734,656,34
2026,2025-03-23,pac,918633,181,125,35
2026,2025-03-30,pac,490030,1003,911,51
2026,2025-04-06,pac,405705,642,587,46
2026,2025-04-13,pac,129949,534,483,27
2026,2025-04-20,pac,49778,471,409,31
2026,2025-04-27,pac,141137,1024,978,34
2026,2025-05-04,pac,130565,715,636,42
2026,2025-05-11,pac,135648,609,555,31
2026,2025-05-18,pac,407411,661,629,35
2026,2025-05-25,pac,162447,2353,2304,36
2026,2025-06-01,pac,96173,929,895,36
2026,2025-06-08,pac,81278,650,605,32
2026,2025-06-15,pac,66161,727,693,34
2026,2025-06-22,pac,609395,2545,2487,43
2026,2025-06-29,pac,238314,206,140,52
2026,2025-07-06,pac,410744,1677,1616,59
2026,2025-07-13,pac,39496,169,134,34
2026,2025-07-20,pac,341689,3134,3086,41
2026,2025-07-27,pac,27263,181,138,33
2026,2025-08-03,pac,156087,1680,1640,37
2026,2025-08-10,pac,45777,162,143,37
2026,2025-08-17,pac,102641,1369,1315,39
2026,2025-08-24,pac,28392,189,143,37
2026,2025-08-31,pac,430302,3505,3466,41
2026,2025-09-07,pac,42591,192,172,39
2026,2025-09-14,pac,129435,717,704,44
2026,2025-09-21,pac,228204,837,806,53
2026,2025-09-28,pac,592581,2588,2504,71
2026,2025-10-05,pac,207385,1373,1334,47
2026,2025-10-12,pac,129999,935,905,55
2026,2025-10-19,pac,97504,866,815,43
2026,2025-10-26,pac,312566,3159,3106,57
2026,2025-11-02,pac,157071,1312,1270,37
2026,2025-11-09,pac,177813,1027,928,50
2026,2025-11-16,pac,119854,1432,1343,40
2026,2025-11-23,pac,290857,3243,3132,60
2026,2025-11-30,pac,191123,1939,1862,45
2026,2025-12-07,pac,114575,1004,949,51
2026,2025-12-14,pac,110031,231,183,42
2026,2025-12-21,pac,295871,4363,4266,51
2026,2025-12-28,pac,19153,275,177,36
2026,2026-01-04,pac,348745,2133,2086,49
2026,2026-01-11,pac,19775,37,28,14
2026,2026-01-18,pac,103144,285,272,30
2026,2026-01-25,pac,107113,115,101,27
2026,2026-02-01,pac,1675597,1362,1332,38
2026,2026-02-08,pac,113066,97,74,33
2026,2026-02-15,pac,146325,413,367,33
2026,2026-02-22,pac,101502,102,73,37
2026,2026-03-01,pac,350749,692,673,39
2026,2026-03-08,pac,963960,96,89,34
2026,2026-03-15,pac,187771,614,575,46
2026,2026-03-22,pac,318118,118,113,49
2026,2026-03-29,pac,324677,1057,1041,45
2026,2026-04-05,pac,444137,593,558,44
2026,2026-04-12,pac,256906,512,474,35
2026,2026-04-19,pac,92815,337,308,33
2026,2026-04-26,pac,225562,1357,1326,46
2026,2026-05-03,pac,453319,671,619,60
2026,2026-05-10,pac,168054,573,552,47
2026,2026-05-17,pac,188461,519,502,41
2026,2026-05-24,pac,341875,2152,2116,50
2026,2026-05-31,pac,370492,834,829,45
2026,2026-06-07,pac,368157,644,620,50
2026,2026-06-14,pac,240121,164,139,48
2026,2026-06-21,pac,365476,2927,2886,50
2026,2026-06-28,pac,291435,138,120,60
2026,2026-07-05,pac,434539,1442,1427,54
2026,2026-07-12,pac,32766,71,69,13
2026,2026-07-19,pac,124855,1053,1050,26
2026,2026-07-26,pac,44656,103,91,24
2026,2026-08-02,pac,348922,3778,3760,21
2026,2026-09-06,pac,10000,2,1,1
2026,2025-01-05,party,1150,6,6,4
2026,2025-01-12,party,7056,15,9,7
2026,2025-01-19,party,8961,16,12,9
2026,2025-01-26,party,5000,13,11,8
2026,2025-02-02,party,55389,20,15,6
2026,2025-02-09,party,9413,30,23,8
2026,2025-02-16,party,8247,30,21,9
2026,2025-02-23,party,88809,42,33,7
2026,2025-03-02,party,26123,78,59,10
2026,2025-03-09,party,9379,58,45,10
2026,2025-03-16,party,107031,73,60,12
2026,2025-03-23,party,62991,68,50,14
2026,2025-03-30,party,10630,79,64,10
2026,2025-04-06,party,335149,76,61,9
2026,2025-04-13,party,82377,57,46,14
2026,2025-04-20,party,99075,69,58,13
2026,2025-04-27,party,22771,89,74,12
2026,2025-05-04,party,12578,79,68,13
2026,2025-05-11,party,300625,99,74,14
2026,2025-05-18,party,703727,96,76,17
2026,2025-05-25,party,306825,97,82,16
2026,2025-06-01,party,21113,118,92,16
2026,2025-06-08,party,255764,76,66,17
2026,2025-06-15,party,107421,128,88,16
2026,2025-06-22,party,170184,124,102,12
2026,2025-06-29,party,339172,132,98,16
2026,2025-07-06,party,23037,111,103,18
2026,2025-07-13,party,110917,105,87,20
2026,2025-07-20,party,54093,109,92,14
2026,2025-07-27,party,14952,112,96,19
2026,2025-08-03,party,22198,102,95,17
2026,2025-08-10,party,8792,103,89,15
2026,2025-08-17,party,6933,96,87,15
2026,2025-08-24,party,10493,112,99,16
2026,2025-08-31,party,13653,116,105,20
2026,2025-09-07,party,10595,116,111,15
2026,2025-09-14,party,14188,125,112,23
2026,2025-09-21,party,29847,154,136,21
2026,2025-09-28,party,133649,170,147,26
2026,2025-10-05,party,109735,165,151,17
2026,2025-10-12,party,19322,143,128,21
2026,2025-10-19,party,14510,157,133,22
2026,2025-10-26,party,55269,187,147,24
2026,2025-11-02,party,21613,187,154,23
2026,2025-11-09,party,8532,160,126,20
2026,2025-11-16,party,59632,157,122,26
2026,2025-11-23,party,22374,183,150,22
2026,2025-11-30,party,9752,207,165,28
2026,2025-12-07,party,7729,141,119,20
2026,2025-12-14,party,5272,143,118,21
2026,2025-12-21,party,60287,183,137,23
2026,2025-12-28,party,14432,202,155,25
2026,2026-01-04,party,62127,89,77,15
2026,2026-01-11,party,14200,20,17,7
2026,2026-01-18,party,92603,16,12,6
2026,2026-01-25,party,8438,24,21,8
2026,2026-02-01,party,42021,37,29,11
2026,2026-02-08,party,342203,27,26,8
2026,2026-02-15,party,30189,31,24,9
2026,2026-02-22,party,555100,36,29,10
2026,2026-03-01,party,627480,52,41,12
2026,2026-03-08,party,30593,42,31,9
2026,2026-03-15,party,703776,60,42,14
2026,2026-03-22,party,8595,56,43,12
2026,2026-03-29,party,112507,57,46,15
2026,2026-04-05,party,547991,65,51,12
2026,2026-04-12,party,50786,51,35,12
2026,2026-04-19,party,93631,64,46,16
2026,2026-04-26,party,22208,55,46,13
2026,2026-05-03,party,255494,73,57,16
2026,2026-05-10,party,12475,77,60,15
2026,2026-05-17,party,26551,82,69,18
2026,2026-05-24,party,58121,89,76,17
2026,2026-05-31,party,38017,93,76,22
2026,2026-06-07,party,64606,77,59,17
2026,2026-06-14,party,341337,77,66,21
2026,2026-06-21,party,69584,109,85,12
2026,2026-06-28,party,898559,120,86,18
2026,2026-07-05,party,9516,96,84,17
2026,2026-07-12,party,100159,100,82,21
2026,2026-07-19,party,12813,108,88,17
2026,2026-07-26,party,14447,110,94,18
2026,2026-08-02,party,24291,87,76,12
