client_name,n_reports,n_registrants,self_filed,first_quarter,last_quarter,income_usd,expenses_usd,matched_searches,include,canonical_name,notes
COMCAST CORPORATION,916,59,True,2020 Q1,2026 Q2,30233500.0,88160000.0,comcast,,,
VERIZON COMMUNICATIONS INC AND VARIOUS SUBSIDIARIES,233,10,False,2020 Q1,2026 Q2,9300000.0,75653060.0,verizon,,,
"T-MOBILE USA, INC.",521,30,True,2020 Q1,2026 Q2,18159059.2,64530000.0,tmobile,,,
AT&T SERVICES INC AND ITS AFFILIATES,52,2,False,2020 Q1,2026 Q2,1300000.0,71130000.0,att,,,
"AT&T SERVICES, INC.",222,12,False,2020 Q1,2026 Q2,10040500.0,0.0,att,,,
T-MOBILE,154,7,False,2020 Q1,2026 Q2,6935000.0,0.0,tmobile,,,
AT&T SERVICES INC,144,7,False,2020 Q1,2026 Q2,5935000.0,0.0,att,,,
VERIZON COMMUNICATIONS INC,76,3,False,2020 Q1,2026 Q2,4450000.0,0.0,verizon,,,
VERIZON,112,6,False,2020 Q1,2026 Q3,3995000.0,0.0,verizon,,,
"T-MOBILE US, INC.",54,4,False,2020 Q1,2026 Q2,3641000.0,0.0,tmobile,,,
VERIZON COMMUNICATIONS INC.,53,4,False,2020 Q1,2026 Q2,2930000.0,0.0,verizon,,,
T-MOBILE USA,52,2,False,2020 Q1,2026 Q2,2455000.0,0.0,tmobile,,,
VERIZON COMMUNICATIONS,58,6,False,2020 Q1,2026 Q2,2140000.0,0.0,verizon,,,
"AT&T SERVICES, INC. (FKA AT&T)",26,1,False,2020 Q1,2026 Q2,2080000.0,0.0,att,,,
AT&T SERVICES INC.,48,2,False,2020 Q1,2026 Q2,2070000.0,0.0,att,,,
"VERIZON COMMUNICATIONS, INC.",44,5,False,2022 Q1,2026 Q2,1840000.0,0.0,verizon,,,
T-MOBILE US INC.,22,1,False,2021 Q1,2026 Q2,1650000.0,0.0,tmobile,,,
VERIZON SERVICES CORPORATION,26,1,False,2020 Q1,2026 Q2,1280000.0,0.0,verizon,,,
T-MOBILE USA INC,36,3,False,2020 Q1,2026 Q2,1070000.0,0.0,tmobile,,,
T-MOBILE ASSOCIATION,26,1,False,2020 Q1,2026 Q2,1040000.0,0.0,tmobile,,,
VERIZON COMMUNICATIONS INC AND ITS SUBSIDIARIES,26,1,False,2020 Q1,2026 Q2,880000.0,0.0,verizon,,,
"AT&T, INC.",11,1,False,2023 Q4,2026 Q2,700000.0,0.0,att,,,
AT&T SERVICES,9,1,False,2020 Q1,2022 Q1,700000.0,0.0,att,,,
T-MOBILE US,22,1,False,2021 Q1,2026 Q2,650000.0,0.0,tmobile,,,
COMCAST NBCUNIVERSAL,21,1,False,2020 Q1,2025 Q1,621000.0,0.0,comcast,,,
"AT&T SERVICES, INC (FORMERLY SBC COMMUNICATIONS, INC.)",12,1,False,2020 Q1,2022 Q4,579500.0,0.0,att,,,
AT&T,25,5,False,2020 Q1,2026 Q2,540000.0,0.0,att,,,
"NATURES TOOLBOX, INC.",8,1,False,2024 Q1,2025 Q4,400000.0,0.0,box,,,
"THE LIVINGSTON GROUP, LLC (VERIZON COMMUNICATIONS, INC.)",24,1,False,2020 Q1,2025 Q4,350000.0,0.0,verizon,,,
"AT&T SERVICES, INC. AND ITS AFFILIATES",14,1,False,2023 Q1,2026 Q2,210000.0,0.0,att,,,
AT&T SERVICES INC (FKA AT&T CORPORATION),4,1,False,2020 Q1,2020 Q4,200000.0,0.0,att,,,
"ML STRATEGIES, LLC (ON BEHALF OF T-MOBILE USA, INC.)",10,1,False,2020 Q1,2022 Q2,200000.0,0.0,tmobile,,,
VERIZON COMMUNICATIONS INC. AND ITS SUBSIDIARIES,20,1,False,2020 Q1,2024 Q4,190000.0,0.0,verizon,,,
"T-MOBILE USA, INC",9,1,False,2020 Q3,2022 Q3,180000.0,0.0,tmobile,,,
VERIZON COMMUNICATIONS INC. AND VARIOUS SUBSIDIARIES,4,1,False,2025 Q3,2026 Q2,150000.0,0.0,verizon,,,
"BETABOX, INC.",10,1,False,2024 Q1,2026 Q2,150000.0,0.0,box,,,
ATT SERVICES INC (FORMERLY ATT),5,1,False,2020 Q1,2021 Q1,120000.0,0.0,att,,,
"TAUZIN CONSULTANTS (ON BEHALF OF T-MOBILE USA, INC.)",5,1,False,2020 Q1,2021 Q1,90000.0,0.0,tmobile,,,
"HB STRATEGIES (FKA HUSCH BLACKWELL STRATEGIES) (ON BEHALF OF AT&T, INC.",8,1,False,2024 Q3,2026 Q2,72500.0,0.0,att,,,
"DOCBOX, INC.",8,1,False,2020 Q1,2021 Q4,50000.0,0.0,box,,,
COMCAST CORP,2,1,False,2020 Q1,2020 Q2,30000.0,0.0,comcast,,,
"AQUIA GROUP, LLC ON BEHALF OF COMCAST CORPORATION",2,1,False,2026 Q1,2026 Q2,30000.0,0.0,comcast,,,
"SEA BOX, INC.",1,1,False,2026 Q2,2026 Q2,30000.0,0.0,box,,,
"TWINLOGIC STRATEGIES ON BEHALF OF T-MOBILE USA, INC",23,1,False,2020 Q4,2026 Q2,0.0,0.0,tmobile,,,
COMCAST NBCUNIVERSAL FORMERLY REPORTED AS NBCUNIVERSAL MEDIA LLC,1,1,False,2020 Q3,2020 Q3,0.0,0.0,comcast,,,
