state_code,candidate_count,major_party_candidate_count,house_candidate_count,senate_candidate_count,total_itemized_receipts,tech_itemized_receipts,ie_support_total,ie_oppose_total,tech_funded_ie_support_total,tech_funded_ie_oppose_total,dem_tech_itemized_receipts,rep_tech_itemized_receipts,ie_net_support,selected_record_net_total,nonmemo_receipt_net_total,memo_receipt_net_total,memo_receipt_record_count,has_unreconciled_memo_attributions,tech_funded_ie_net_support,house_district_count,major_party_house_district_count,has_senate_race,top_candidate_name,top_candidate_party,top_candidate_tech_itemized_receipts,pct_dem,pct_rep,party_label
CA,413,348,346,67,191702979,2976814,54035856,142551162,33607644,124869008,2775781,200533,-88515306,191702979,189559171,2143808,4429.0,True,-91261364,52,52,1,"KHANNA, ROHIT",D,506085,93.26237083856071,6.737629161439283,D
WA,102,88,82,20,37977224,1051318,8107186,17266449,3852393,15305124,1021724,29594,-9159263,37977224,37833837,143387,727.0,True,-11452731,10,10,1,"CANTWELL, MARIA",D,339258,97.18505723292095,2.814942767079038,D
NY,174,146,148,26,96563874,1002133,41021655,96826184,31562870,92182162,937010,58423,-55804529,96563874,95914730,649144,3908.0,True,-60619292,26,26,1,"RYAN, PATRICK",D,114935,94.13089580112374,5.869104198876268,D
PA,86,76,72,14,81275086,707811,61836228,233554142,43607586,154403343,538680,169131,-171717914,81275086,79981910,1293176,3309.0,True,-110795757,17,17,1,"CASEY, ROBERT P. JR.",D,248964,76.10506194450214,23.894938055497867,D
MI,119,87,91,28,78168616,659373,60287944,144769357,18115390,112526030,590854,68519,-84481413,78168616,77742505,426111,1880.0,True,-94410640,13,13,1,"SLOTKIN, ELISSA",D,290815,89.60846137163638,10.391538628363612,D
TX,284,237,251,33,134886275,606462,28668317,45161799,5606944,9073927,453140,152422,-16493482,134886275,132090336,2795939,8005.0,True,-3466983,38,38,1,"ALLRED, COLIN",D,302938,74.82966236322622,25.170337636773777,D
MT,32,27,21,11,75195136,472388,37000162,131733651,9994068,37466091,438301,34087,-94733489,75195136,72620084,2575052,2638.0,True,-27472023,2,2,1,"TESTER, R. JON",D,411601,92.7841096725573,7.215890327442695,D
AZ,97,74,74,23,79004571,462515,47168955,88978562,23525331,39960596,392179,37785,-41809607,79004571,78586316,418255,6512.0,True,-16435265,9,9,1,"GALLEGO, RUBEN",D,234348,91.21205496274106,8.787945037258933,D
OH,121,88,107,14,91365837,457338,108288028,236021555,34086251,103837977,343320,114018,-127733527,91365837,89893558,1472279,3051.0,True,-69751726,15,15,1,"BROWN, SHERROD",D,271810,75.06920483318683,24.930795166813166,D
NJ,146,100,121,25,46720126,367974,6032958,11833536,3252519,10919258,343724,7350,-5800578,46720126,45508569,1211557,1368.0,True,-7666739,12,12,1,"KIM, ANDY",D,101772,97.90642428661764,2.093575713382364,D
WI,62,51,45,17,50812948,348599,23262056,112040019,14964899,49605840,253289,95310,-88777963,50812948,50333624,479324,6376.0,True,-34640941,8,8,1,"BALDWIN, TAMMY",D,197970,72.65912983112402,27.340870168875988,D
VA,100,85,82,18,45093219,342866,19380556,19036037,7439313,13039380,287648,55218,344519,45093219,44338491,754728,1081.0,True,-5600067,11,11,1,"KAINE, TIMOTHY MICHAEL",D,73965,83.89516604154392,16.104833958456073,D
NV,66,41,41,25,43235070,321982,27184790,75563219,16738713,17616341,309123,12859,-48378429,43235070,42723605,511465,1387.0,True,-877628,4,4,1,"ROSEN, JACKY",D,202243,96.0062984887354,3.993701511264605,D
FL,236,195,196,40,57633684,303112,5793003,11891043,2737472,8616811,215486,86626,-6098040,57633684,57316319,317365,3251.0,True,-5879339,28,28,1,"MUCARSEL-POWELL, DEBBIE",D,106306,71.32652791017901,28.673472089820994,D
NE,24,20,13,11,21071434,249101,18891344,31636360,3774279,17392236,59555,73152,-12745016,21071434,20999010,72424,362.0,True,-13617957,3,3,1,"OSBORN, DAN",,116394,44.87705998929973,55.12294001070026,Mixed
IL,72,66,71,1,32167771,218233,2381501,818890,2126184,744114,210333,7900,1562611,32167771,31941295,226476,393.0,True,1382070,17,17,1,"KRISHNAMOORTHI, S. RAJA",D,82856,96.38001585461411,3.6199841453858945,D
CO,105,66,103,2,24934061,206518,11053064,24917520,8253854,20231619,196896,9622,-13864456,24934061,24889538,44523,741.0,True,-11977765,8,8,1,"CARAVEO, YADIRA",D,71227,95.34084196050708,4.659158039492926,D
MD,157,130,114,43,35557849,198635,11417025,45834873,5757625,8178808,184335,14300,-34417848,35557849,35046909,510940,778.0,True,-2421183,8,8,1,"ALSOBROOKS, ANGELA",D,123079,92.80086590983461,7.199134090165378,D
MN,67,46,48,19,26564064,194937,5478232,733684,1977174,665250,37228,56850,4744548,26564064,26531186,32878,916.0,True,1311924,8,8,1,"OMAR, ILHAN",,66089,39.571419460447714,60.42858053955229,Mixed
MA,37,29,24,13,14147878,183142,1734617,420914,372,0,158802,21190,1313703,14147878,14142343,5535,103.0,True,372,9,9,1,"CLARK, KATHERINE",D,60500,88.22725454464643,11.77274545535357,D
NM,21,15,8,13,16921009,177064,2051194,17066881,1169172,14334489,175804,1260,-15015687,16921009,16822257,98752,215.0,True,-13165317,3,3,1,"HEINRICH, MARTIN",D,130902,99.28839289748339,0.7116071025166042,D
OR,57,42,55,2,16726006,155556,10629442,22205093,8482241,18144522,155556,0,-11575651,16726006,16521622,204384,498.0,True,-9662281,6,6,1,"BYNUM, JANELLE",D,95557,100.0,0.0,D
IA,23,18,20,3,16278708,137116,6977791,22488080,5017636,19643680,102166,34950,-15510289,16278708,16235382,43326,760.0,True,-14626044,4,4,1,"BOHANNAN, CHRISTINA",D,61095,74.51063333236092,25.48936666763908,D
DE,16,15,10,6,8050294,128763,417425,0,285223,0,128763,0,417425,8050294,8017954,32340,57.0,True,285223,1,1,1,"MCBRIDE, SARAH ELIZABETH",D,86187,100.0,0.0,D
ME,16,10,11,5,10936755,123918,2729488,21909955,965704,17855443,59868,11600,-19180467,10936755,10906612,30143,125.0,True,-16889739,2,2,1,"GOLDEN, JARED",D,59868,83.76895953433706,16.231040465662954,D
NH,33,32,33,0,9862473,122685,1746293,556581,1040831,455149,118400,4285,1189712,9862473,9793873,68600,100.0,True,585682,2,2,0,"GOODLANDER, MAGGIE",D,78950,96.50731548274035,3.4926845172596486,D
NC,95,83,95,0,23448414,107137,7886157,16208453,1515648,11924144,51098,54268,-8322296,23448414,23240458,207956,397.0,True,-10408496,14,14,0,"DAVIS, DON",D,41823,48.49571968187082,51.50428031812919,Mixed
CT,30,24,23,7,14697942,103573,877041,2075231,595205,2070231,102773,800,-1198190,14697942,14679267,18675,600.0,True,-1475026,5,5,1,"MURPHY, CHRISTOPHER S",D,45199,99.22759792610043,0.7724020738995684,D
MO,82,59,70,12,29041611,95008,9858270,13132862,7469619,8406673,85347,8661,-3274592,29041611,28962572,79039,2182.0,True,-937054,8,8,1,"KUNCE, LUCAS",D,39416,90.78695430176155,9.213045698238448,D
KY,32,27,31,1,8838981,81265,672214,319783,4277,319783,2500,78765,352431,8838981,8802671,36310,271.0,True,-315506,6,6,1,"GUTHRIE, S. BRETT HON.",R,25000,3.0763551344367195,96.92364486556329,R
AK,14,6,13,1,8048798,67951,7644765,19963029,5474667,10953147,67751,200,-12318264,8048798,8048798,0,2.0,True,-5478480,1,1,1,"PELTOLA, MARY",D,67751,99.70567026239496,0.29432973760503894,D
UT,58,50,38,20,12865407,67778,11318205,2043649,213073,0,3555,64223,9274556,12865407,12636453,228954,1378.0,True,213073,4,4,1,"CURTIS, JOHN",R,49850,5.245064770279441,94.75493522972056,R
TN,72,53,60,12,16157093,62647,1532095,73652,370766,0,16900,45747,1458443,16157093,15950910,206183,1165.0,True,370766,9,9,1,"BLACKBURN, MARSHA MRS.",R,31797,26.976551151691226,73.02344884830877,R
AL,45,44,45,0,10169952,59347,3168522,2779426,44249,0,17827,41520,389096,10169952,9940893,229059,651.0,True,44249,7,7,0,"ROGERS, MICHAEL",R,26950,30.038586617689184,69.96141338231081,Mixed
GA,91,80,87,4,13333353,49965,2834063,140864,644989,43109,28387,21578,2693199,13333353,13147681,185672,646.0,True,601880,14,14,1,"MCBATH, LUCIA KAY MS.",D,10250,56.813769638747125,43.186230361252875,Mixed
IN,114,92,96,18,16074223,49449,7684241,966279,1036942,766094,9350,40099,6717962,16074223,15805659,268564,771.0,True,270848,9,9,1,"HOUCHIN, ERIN",R,24299,18.9083702400453,81.0916297599547,R
WY,11,7,6,5,4499889,48145,1017627,0,25000,0,900,47245,1017627,4499889,4496339,3550,80.0,True,25000,1,1,1,"BARRASSO, JOHN A",R,47145,1.869352996157441,98.13064700384257,R
RI,16,14,10,6,5978476,45869,400504,82828,31369,0,45869,0,317676,5978476,5527683,450793,23.0,True,31369,2,2,1,"AMO, GABRIEL F",D,28169,100.0,0.0,D
MS,18,17,13,5,6113032,45030,455194,21910,2500,0,2430,42600,433284,6113032,5972445,140587,190.0,True,2500,4,4,1,"WICKER, ROGER SEN.",R,22800,5.396402398401066,94.60359760159893,R
VT,10,3,4,6,4366769,44899,159772,0,2400,0,2000,0,159772,4366769,4366769,0,36.0,True,2400,1,1,1,"SANDERS, BERNARD",,42899,100.0,0.0,D
AR,16,13,15,1,4693851,39050,328512,15087,0,0,1250,37800,313425,4693851,4678309,15542,97.0,True,0,4,4,1,"HILL, JAMES FRENCH",R,30700,3.201024327784891,96.79897567221511,R
KS,23,21,23,0,6942979,37885,508045,393283,218248,354015,30085,7800,114762,6942979,6892589,50390,231.0,True,-135767,4,4,0,"DAVIDS, SHARICE",D,29835,79.41137653424838,20.588623465751617,D
OK,26,20,25,1,5635084,36425,355924,3430102,57732,345600,6075,30100,-3074178,5635084,5573264,61820,385.0,True,-287868,5,5,1,"COLE, TOM",R,11600,16.79336558396683,83.20663441603318,R
LA,32,30,32,0,12820118,33472,324932,13143,1113,1500,7250,26222,311789,12820118,11781823,1038295,2481.0,True,-387,6,6,0,"SCALISE, STEVE MR",R,13300,21.6598948374761,78.3401051625239,R
ND,13,10,10,3,5300029,32915,1493379,1564299,72914,463309,11385,21530,-70920,5300029,5225803,74226,383.0,True,-390395,1,1,1,"CRAMER, KEVIN MR.",R,15730,34.58909311863892,65.41090688136109,Mixed
WV,29,25,14,15,10156772,30863,6127449,2812720,633759,2106384,23125,7738,3314729,10156772,9960237,196535,546.0,True,-1472625,2,2,1,"MANCHIN, JOE III",D,17450,74.92790720279947,25.07209279720053,D
SC,51,40,50,1,6846417,27076,6333528,5646586,501503,530505,5100,21470,686942,6846417,6785267,61150,203.0,True,-29002,7,7,1,"MACE, NANCY",R,14700,19.194580353782463,80.80541964621753,R
HI,23,17,9,14,2273910,13437,4078,0,0,0,13437,0,4078,2273910,2269910,4000,17.0,True,0,2,2,1,"HIRONO, MAZIE K.",D,9137,100.0,0.0,D
ID,12,7,12,0,1050349,10700,198581,0,25565,0,0,10700,198581,1050349,1051867,-1518,14.0,True,25565,2,2,0,"SIMPSON, MICHAEL",R,10400,0.0,100.0,R
SD,7,7,7,0,2487200,6600,124736,0,124736,0,0,6600,124736,2487200,2486700,500,1.0,True,124736,1,1,0,"JOHNSON, DUSTY",R,6600,0.0,100.0,R
VI,3,2,3,0,317146,6500,0,0,0,0,6500,0,0,317146,313146,4000,7.0,True,0,1,1,0,"PLASKETT, STACEY",D,6500,100.0,0.0,D
PR,11,5,11,0,3275762,2230,0,0,0,0,2230,0,0,3275762,3275151,611,3.0,True,0,1,1,0,"HERNANDEZ RIVERA, PABLO JOSE",D,2230,100.0,0.0,D
AS,4,2,4,0,61440,0,0,0,0,0,0,0,0,61440,61440,0,0.0,False,0,1,1,0,"AMATA, AUMUA",R,0,,,Unknown
DC,9,6,7,2,115900,0,0,0,0,0,0,0,0,115900,115900,0,0.0,False,0,1,1,1,"WILLIAMS, KELLY",D,0,,,Unknown
GU,4,4,4,0,795213,0,0,0,0,0,0,0,0,795213,795213,0,0.0,False,0,1,1,0,"CRUZ, GINGER",D,0,,,Unknown
MP,4,1,4,0,1650,0,0,0,0,0,0,0,0,1650,1650,0,0.0,False,0,1,1,0," GONZALES, JOHN OLIVER DELOS REYES",,0,,,Unknown
