state_code,candidate_count,major_party_candidate_count,total_itemized_receipts,tech_itemized_receipts,tech_itemized_donors,ie_support_total,ie_oppose_total,tech_funded_ie_support_total,tech_funded_ie_oppose_total,dem_tech_itemized_receipts,rep_tech_itemized_receipts,ie_net_support,selected_record_net_total,nonmemo_receipt_net_total,memo_receipt_net_total,memo_receipt_record_count,has_unreconciled_memo_attributions,tech_donor_candidate_pairs,tech_funded_ie_net_support,top_candidate_name,top_candidate_party,top_candidate_tech_itemized_receipts,dem_candidate_name,rep_candidate_name,other_candidate_names,pct_dem,pct_rep,party_label
CA,67,45,50337078,507029,404.0,2414181,19265633,26501,10041117,491578,15451,-16851452,50337078,50228480,108598,1354.0,True,404.0,-10014616,"SCHIFF, ADAM",D,191457,"SCHIFF, ADAM","GARVEY, STEVE","ASTORGA, ALEX JOHN; FERREIRA, FRANK; KEIVAULQE AUTIAMEINEIRE, FEPBRINA ESTR; O'NEIL, RUSTEN; RUZON, MARK DR.; SIGMON, MICHAEL R; SINGH, MAJOR; SOSINSKI, JOE; TAPIA, CARLOS GUILLERMO",96.9526397898345,3.0473602101654933,D
MT,11,8,64235693,430940,432.0,35153092,126988445,9400805,32934786,411601,19339,-91835353,64235693,62169817,2065876,2334.0,True,432.0,-23533981,"TESTER, R. JON",D,411601,"TESTER, R. JON","SHEEHY, TIM","BARB, ROBERT",95.5123683111338,4.4876316888662,D
TX,33,29,83546815,357375,618.0,20174735,35158843,2952061,2022931,307338,50037,-14984108,83546815,81282601,2264214,5530.0,True,618.0,929130,"ALLRED, COLIN",D,302938,"ALLRED, COLIN","CRUZ, RAFAEL EDWARD  TED","BROWN, THEODORE E. JR.; ROCHE, ANALISA",85.998740818468,14.001259181532005,D
WA,20,16,9529266,340518,178.0,4237,0,4003,0,339258,1260,4237,9529266,9513779,15487,34.0,True,178.0,4003,"CANTWELL, MARIA",D,339258,"CANTWELL, MARIA","GARCIA, DR RAUL","TILTON, DAVID M",99.62997550790267,0.37002449209733407,D
PA,14,9,41662960,338145,249.0,49111412,182843050,36069791,109127699,248964,89181,-133731638,41662960,40568803,1094157,2724.0,True,249.0,-73057908,"CASEY, ROBERT P. JR.",D,248964,"CASEY, ROBERT P. JR.","MCCORMICK, DAVE","HAZOU, LEILA; SELKER, MARTY; THOMAS, JOHN C.",73.6264028745065,26.373597125493504,D
MI,28,21,38774855,332744,296.0,48818288,93075675,12419672,64266464,314125,18619,-44257387,38774855,38689346,85509,592.0,True,296.0,-51846792,"SLOTKIN, ELISSA",D,290815,"SLOTKIN, ELISSA","ROGERS, MICHAEL J","FRIZZELL, JAMES KIETH MR SR; MARSH, DOUGLAS PHILIP; SOLIS-MULLEN, JOSEPH; WILLIS, VALERIE LEE",94.40440699156109,5.59559300843892,D
OH,14,6,65172608,294154,323.0,99698926,207925152,28336647,77169787,271810,22344,-108226226,65172608,64173028,999580,2005.0,True,323.0,-48833140,"BROWN, SHERROD",D,271810,"BROWN, SHERROD","MORENO, BERNIE","FARIS, STEPHEN I MR; SHABAZZ, TARIQ; TINSLEY, LASHONDRA",92.4039788682119,7.5960211317881114,D
AZ,23,14,41892883,286356,303.0,26588865,51348277,10267607,6051463,234348,19457,-24759412,41892883,41914019,-21136,3983.0,True,303.0,4216144,"GALLEGO, RUBEN",D,234348,"GALLEGO, RUBEN","LAKE, KARI","GRAYSON, RICHARD; HERNANDEZ, ARTURO; NORTON, MIKE; QUINTANA, EDUARDO; SINEMA, KYRSTEN; WILLIAMS, SARAH",92.33387837119048,7.666121628809519,D
WI,17,11,33710783,211321,177.0,18497971,101385628,12125658,42098670,197970,13351,-82887657,33710783,33493272,217511,508.0,True,177.0,-29973012,"BALDWIN, TAMMY",D,197970,"BALDWIN, TAMMY","HOVDE, ERIC D","ANDERSON, PHILLIP NORMAN; AUBART, SCOTT ALAN MR; LEAGER, THOMAS CHARLES MR.; PAUL, ADAM NICHOLAS",93.68212340467818,6.317876595321809,D
NV,25,17,32212514,210202,156.0,23223552,74774904,13950874,17052780,202243,7959,-51551352,32212514,31916826,295688,1044.0,True,156.0,-3101906,"ROSEN, JACKY",D,202243,"ROSEN, JACKY","BROWN, SAM","CLARK, CORNELL MAURICE DR.; CUNNINGHAM, CHRIS; DESTIN, JOSEPH JAMES; MAZLO, CHRISTOPHER CRAIG; WING, BRADLEY SCOTT MR.",96.21364211567919,3.7863578843207963,D
NE,11,8,11493430,163476,156.0,13642301,15623838,1776819,3391496,0,47082,-1981537,11493430,11463356,30074,238.0,True,156.0,-1614677,"OSBORN, DAN",,116394,"LOVE, PRESTON JR","FISCHER, DEBRA S.","EDDY, KERRY; OSBORN, DAN",0.0,100.0,R
MD,43,28,21636284,160045,160.0,6148399,45436746,958060,8012269,147454,12591,-39288347,21636284,21331735,304549,379.0,True,160.0,-7054209,"ALSOBROOKS, ANGELA",D,123079,"ALSOBROOKS, ANGELA","HOGAN, LARRY","BRIDGES, BILLY; OSUCHUKWU, ONYEKACHI; SCOTT, MIKE; SIGMON, MICHAEL R; SIGMON, MICHAEL RAY; WALLACE, NANCY",92.1328376394139,7.867162360586086,D
NM,13,8,8258089,132162,48.0,250344,2262310,0,300000,130902,1260,-2011966,8258089,8167687,90402,194.0,True,48.0,-300000,"HEINRICH, MARTIN",D,130902,"HEINRICH, MARTIN","DOMENICI, NELLA LOUISE LOUISE","CHICK, CAMERON ALTON MR. SR.; CHICK, CAMERON MR.; LUNA, BENJAMIN RALPH #1728; ROSE, JERRY",99.0466245970854,0.9533754029146049,D
NJ,25,17,16867002,129272,82.0,1669815,368522,32326,0,111372,1000,1301293,16867002,16391100,475902,502.0,True,82.0,32326,"KIM, ANDY",D,101772,"KIM, ANDY","BASHAW, CURTIS","CARDUCCI, NICHOLAS MATTHEW; ESTRADA, MICHAEL; KHALIL, CHRISTINA AMIRA; MENENDEZ, ROBERT; MOONEYHAM, PATRICIA G MISS; SCAZZOLA, VICTOR JOSEPH",99.11009860107501,0.8899013989249992,D
FL,40,24,22441256,112307,137.0,1628032,9173329,1099494,8616811,107711,4596,-7545297,22441256,22346313,94943,2202.0,True,137.0,-7517317,"MUCARSEL-POWELL, DEBBIE",D,106306,"MUCARSEL-POWELL, DEBBIE","SCOTT, RICK SEN","BENNETT, SHANTELE RENEE MS N/A; BONOAN, FEENA; EVERIDGE, BEN; NGUYEN, QUOC TUAN MR.; TOULME, ALIX CHRISTOPHER MR. JR.",95.90764600603703,4.092353993962976,D
VA,18,15,12686034,85239,77.0,622534,0,16416,0,73965,11274,622534,12686034,12613454,72580,161.0,True,77.0,16416,"KAINE, TIMOTHY MICHAEL",D,73965,"KAINE, TIMOTHY MICHAEL","CAO, HUNG","HARDIN, JONATHAN T DR PH.D.; XIONG, TIGER DR.",86.77365994439165,13.226340055608349,D
UT,20,18,7510095,54483,24.0,10512139,1993187,106381,0,3555,50928,8518952,7510095,7359734,150361,854.0,True,24.0,106381,"CURTIS, JOHN",R,49850,"GLEICH, CAROLINE","CURTIS, JOHN","BOWEN, CARLTON E.; NEWCOMB, ROBERT",6.524971091900225,93.47502890809977,R
ME,5,3,3448478,52450,14.0,16370,0,0,0,0,0,16370,3448478,3432058,16420,36.0,True,14.0,0,"KING, ANGUS S. JR.",,52450,"ALCALA, NATASHA","KOUZOUNAS, DEMI","CHERRY, JASON SETH; KING, ANGUS S. JR.",,,Unknown
NY,26,15,4126521,52415,22.0,30149,0,766,0,45715,0,30149,4126521,4101787,24734,48.0,True,22.0,766,"GILLIBRAND, KIRSTEN",D,45715,"GILLIBRAND, KIRSTEN","MILLER, (EMILY) YUEXIN","SARE, DIANE WILSON MS",100.0,0.0,D
MA,13,8,4904505,52147,95.0,1705333,409162,372,0,30957,21190,1296171,4904505,4904505,0,58.0,True,95.0,372,"WARREN, ELIZABETH",D,30957,"WARREN, ELIZABETH","DEATON, JOHN","GRIFFIN, BRANDON JAMES; MARINO, LOUIS GREGORY; SCHENA, JOSEPH JR.",59.36487238000269,40.63512761999731,Mixed
WY,5,4,3339161,48045,14.0,1007627,0,25000,0,900,47145,1007627,3339161,3339161,0,0.0,False,14.0,25000,"BARRASSO, JOHN A",R,47145,"MORROW, SCOTT D MR","BARRASSO, JOHN A",,1.8732438339057134,98.12675616609428,R
TN,12,8,6874804,46847,31.0,496653,0,100002,0,15050,31797,496653,6874804,6807613,67191,528.0,True,31.0,100002,"BLACKBURN, MARSHA MRS.",R,31797,"JOHNSON, GLORIA","BLACKBURN, MARSHA MRS.","MOSES, PAMELA",32.12585651162294,67.87414348837706,Mixed
CT,7,6,8462496,45199,29.0,55168,0,158,0,45199,0,55168,8462496,8448321,14175,496.0,True,29.0,158,"MURPHY, CHRISTOPHER S",D,45199,"MURPHY, CHRISTOPHER S","COREY, MATTHEW MCKINNON","PAGLINO, JUSTIN COBB DR",100.0,0.0,D
VT,6,1,3714928,42899,135.0,0,0,0,0,0,0,0,3714928,3714928,0,32.0,True,135.0,0,"SANDERS, BERNARD",,42899,,"MALLOY, GERALD","GREENSTEIN, MARK STEWART; HILL, MATT FOR; SANDERS, BERNARD",,,Unknown
MO,12,7,14738137,40545,67.0,1060164,3397855,1036983,0,39416,129,-2337691,14738137,14710581,27556,1399.0,True,67.0,1036983,"KUNCE, LUCAS",D,39416,"KUNCE, LUCAS","HAWLEY, JOSHUA DAVID SEN","EXLEY, ZACK; YOUNG, JARED",99.67378935390062,0.32621064609938044,D
DE,6,5,4086431,34976,22.0,16779,0,0,0,34976,0,16779,4086431,4057581,28850,52.0,True,22.0,0,"BLUNT ROCHESTER, LISA",D,34936,"BLUNT ROCHESTER, LISA","HANSEN, ERIC","KATZ, MIKE DR.",100.0,0.0,D
MN,19,12,6099298,27890,15.0,107551,0,50,0,0,1250,107551,6099298,6094209,5089,25.0,True,15.0,50,"KLOBUCHAR, AMY",,26640,,"WHITE, ROYCE","CARLSON, STEVE; KLOBUCHAR, AMY; LACEY, JOYCE L",0.0,100.0,R
ND,3,2,3024746,25905,16.0,103236,0,492,0,10175,15730,103236,3024746,2997031,27715,340.0,True,16.0,492,"CRAMER, KEVIN MR.",R,15730,"CHRISTIANSEN, KATRINA","CRAMER, KEVIN MR.","HEDGER, KRISTIN RUTH",39.27813163481954,60.72186836518046,Mixed
WV,15,12,8398037,25345,16.0,4965430,2812720,336353,2106384,22625,2720,2152710,8398037,8208268,189769,508.0,True,16.0,-1770031,"MANCHIN, JOE III",D,17450,"MANCHIN, JOE III","MOONEY, ALEXANDER X","SIGMON, MICHAEL R",89.26810021700533,10.731899782994674,D
MS,5,4,4005168,24750,18.0,414285,21910,0,0,1950,22800,392375,4005168,3948499,56669,75.0,True,18.0,0,"WICKER, ROGER SEN.",R,22800,"PINKINS, TY","WICKER, ROGER SEN.","TAGGART, JON M MR.",7.878787878787878,92.12121212121212,R
RI,6,5,2395114,11900,4.0,296275,82828,0,0,11900,0,213447,2395114,2380495,14619,19.0,True,4.0,0,"WHITEHOUSE, SHELDON",D,11900,"WHITEHOUSE, SHELDON","MORGAN, PATRICIA L",,100.0,0.0,D
IN,18,13,6002581,9300,6.0,4083584,0,352005,0,0,9300,4083584,6002581,5973806,28775,59.0,True,6.0,352005,"BANKS, JAMES E. HON.",R,9300,"CARMICHAEL, ROBERT MARC","BANKS, JAMES E. HON.","HORNING, ANDY; KENT, RICHARD ALLEN REV",0.0,100.0,R
HI,14,11,1541701,9137,7.0,2064,0,0,0,9137,0,2064,1541701,1537701,4000,17.0,True,7.0,0,"HIRONO, MAZIE K.",D,9137,"HIRONO, MAZIE K.","AMARAL, MELBA S S","POHLMAN, EMMA JANE",100.0,0.0,D
AK,1,0,0,0,0.0,0,0,0,0,0,0,0,0,0,0,0.0,False,0.0,0,,,,,,,,,Unknown
AR,1,0,0,0,0.0,0,0,0,0,0,0,0,0,0,0,0.0,False,0.0,0,"KASPARIAN, ANA",,0,,,"KASPARIAN, ANA",,,Unknown
CO,2,0,0,0,0.0,0,0,0,0,0,0,0,0,0,0,0.0,False,0.0,0,"WOLFE, ROBERT EVERETT MR II",,0,,,"WOLFE, ROBERT EVERETT MR II",,,Unknown
DC,2,2,0,0,0.0,0,0,0,0,0,0,0,0,0,0,0.0,False,0.0,0,"DEAN, BRANDAUN LEFRED MAYOR",D,0,"DEAN, BRANDAUN LEFRED MAYOR",,,,,Unknown
GA,4,2,0,0,0.0,0,0,0,0,0,0,0,0,0,0,0.0,False,0.0,0,,,,,,,,,Unknown
IA,3,3,0,0,0.0,0,0,0,0,0,0,0,0,0,0,0.0,False,0.0,0,,,,,,,,,Unknown
IL,1,0,0,0,0.0,0,0,0,0,0,0,0,0,0,0,0.0,False,0.0,0,,,,,,,,,Unknown
KY,1,1,0,0,0.0,0,0,0,0,0,0,0,0,0,0,0.0,False,0.0,0,,,,,,,,,Unknown
OK,1,1,0,0,0.0,0,0,0,0,0,0,0,0,0,0,0.0,False,0.0,0,"LUTTRELL, JESSICA",R,0,,"LUTTRELL, JESSICA",,,,Unknown
OR,2,0,0,0,0.0,0,0,0,0,0,0,0,0,0,0,0.0,False,0.0,0,,,,,,,,,Unknown
SC,1,0,0,0,0.0,0,0,0,0,0,0,0,0,0,0,0.0,False,0.0,0,,,,,,,,,Unknown
