cycle,week_end,net_total,cumulative_net_total,gross_positive,n_contributions,n_donors,n_committees
2024,2021-01-17,25,25,25,1,1,1
2024,2022-04-10,60,85,60,1,1,1
2024,2022-06-19,250,335,250,1,1,1
2024,2022-11-20,300,635,300,6,1,6
2024,2022-12-18,800,1435,800,7,2,7
2024,2023-01-01,1935,3370,1935,14,13,12
2024,2023-01-08,53620,56990,53620,287,274,40
2024,2023-01-15,65665,122655,65665,246,216,49
2024,2023-01-22,107592,230247,107592,285,248,60
2024,2023-01-29,98892,329139,98892,167,149,61
2024,2023-02-05,3660479,3989618,3660479,478,457,76
2024,2023-02-12,324081,4313699,327384,207,173,52
2024,2023-02-19,399116,4712815,399116,480,439,81
2024,2023-02-26,132584,4845399,134285,216,178,83
2024,2023-03-05,278666,5124065,281966,785,701,106
2024,2023-03-12,404662,5528727,404662,254,208,73
2024,2023-03-19,246699,5775426,249999,793,728,88
2024,2023-03-26,434242,6209668,434242,303,209,137
2024,2023-04-02,833381,7043049,836681,1617,1103,149
2024,2023-04-09,776906,7819955,776906,378,305,86
2024,2023-04-16,161062,7981017,167962,939,889,92
2024,2023-04-23,2214849,10195866,2223549,300,249,102
2024,2023-04-30,1429117,11624983,1432417,1307,1219,119
2024,2023-05-07,125153,11750136,126853,335,283,112
2024,2023-05-14,2150678,13900814,2150928,694,630,106
2024,2023-05-21,150931,14051745,151031,1016,925,118
2024,2023-05-28,223590,14275335,225315,1345,1268,133
2024,2023-06-04,2275500,16550835,2280700,1198,1099,141
2024,2023-06-11,2557426,19108261,2564026,862,773,132
2024,2023-06-18,2313173,21421434,2318173,1102,1002,138
2024,2023-06-25,639998,22061432,640198,1433,1368,131
2024,2023-07-02,817853,22879285,817955,1666,1504,179
2024,2023-07-09,138938,23018223,138938,920,818,112
2024,2023-07-16,1240479,24258702,1247149,1172,1053,135
2024,2023-07-23,258978,24517680,272178,1620,1485,165
2024,2023-07-30,158773,24676453,162073,602,474,152
2024,2023-08-06,301166,24977619,304736,2165,1994,142
2024,2023-08-13,164428,25142047,164428,482,389,118
2024,2023-08-20,945069,26087116,948369,2473,2304,162
2024,2023-08-27,171595,26258711,420895,704,523,164
2024,2023-09-03,606166,26864877,606929,2302,2135,195
2024,2023-09-10,432849,27297726,436616,621,541,143
2024,2023-09-17,1584957,28882683,1591557,1978,1832,170
2024,2023-09-24,1904392,30787075,1912292,749,601,207
2024,2023-10-01,968515,31755590,1093411,3402,3108,268
2024,2023-10-08,648370,32403960,678120,704,585,154
2024,2023-10-15,398074,32802034,418978,2161,2025,168
2024,2023-10-22,1278586,34080620,1285686,744,601,177
2024,2023-10-29,371438,34452058,379421,2908,2681,182
2024,2023-11-05,341031,34793089,355839,2278,2033,190
2024,2023-11-12,1418269,36211358,1418469,1540,1397,181
2024,2023-11-19,752193,36963551,765459,2291,2086,190
2024,2023-11-26,833879,37797430,840617,2890,2703,178
2024,2023-12-03,455905,38253335,474105,3065,2793,209
2024,2023-12-10,327601,38580936,331016,1784,1598,195
2024,2023-12-17,1590944,40171880,1600973,2331,2089,200
2024,2023-12-24,2007956,42179836,2013314,3939,3655,249
2024,2023-12-31,3430329,45610165,3440429,3273,2962,229
2024,2024-01-07,180194,45790359,183494,504,434,112
2024,2024-01-14,1299958,47090317,1300823,446,347,114
2024,2024-01-21,274180,47364497,282080,638,515,138
2024,2024-01-28,2341954,49706451,2341954,547,417,146
2024,2024-02-04,400308,50106759,409438,984,814,175
2024,2024-02-11,1145142,51251901,1151142,618,406,181
2024,2024-02-18,970629,52222530,971079,884,718,168
2024,2024-02-25,989599,53212129,989666,648,483,166
2024,2024-03-03,1019227,54231356,1071328,1370,1104,217
2024,2024-03-10,870017,55101373,898354,873,669,175
2024,2024-03-17,988825,56090198,998460,1283,1077,199
2024,2024-03-24,6787559,62877757,7058959,767,533,177
2024,2024-03-31,586076,63463833,611537,1903,1552,231
2024,2024-04-07,5514264,68978097,5520164,706,524,171
2024,2024-04-14,1392784,70370881,1396916,978,811,169
2024,2024-04-21,1010779,71381660,1020679,1129,941,196
2024,2024-04-28,1434412,72816072,1448312,1211,984,210
2024,2024-05-05,1775473,74591545,1791973,1537,1291,220
2024,2024-05-12,1514047,76105592,1576947,1164,975,200
2024,2024-05-19,718161,76823753,724857,1535,1295,199
2024,2024-05-26,437427,77261180,445927,2003,1773,211
2024,2024-06-02,1122248,78383428,1135223,2631,2171,222
2024,2024-06-09,2325375,80708803,2342594,1519,1266,233
2024,2024-06-16,1718853,82427656,1725653,1730,1439,232
2024,2024-06-23,4646840,87074496,4654145,2350,2007,245
2024,2024-06-30,2473160,89547656,2620510,3240,2594,300
2024,2024-07-07,5737480,95285136,5743740,1793,1365,203
2024,2024-07-14,6458555,101743691,6458911,1500,1084,189
2024,2024-07-21,6610143,108353834,6650529,5591,4505,250
2024,2024-07-28,7720784,116074618,7790702,4988,3701,272
2024,2024-08-04,1645953,117720571,1665350,4913,3938,281
2024,2024-08-11,19349488,137070059,19360298,3992,2869,263
2024,2024-08-18,9928683,146998742,9928954,3812,3111,246
2024,2024-08-25,17061187,164059929,17061221,4890,3541,250
2024,2024-09-01,3918345,167978274,3920354,5927,4967,281
2024,2024-09-08,31146735,199125009,31146951,3590,2602,286
2024,2024-09-15,1910607,201035616,1910983,7379,5799,324
2024,2024-09-22,2655686,203691302,2660686,4334,3151,333
2024,2024-09-29,8347994,212039296,8351294,6048,4604,350
2024,2024-10-06,30523434,242562730,30527354,7403,5511,356
2024,2024-10-13,26512105,269074835,26513355,8274,6464,331
2024,2024-10-20,43609218,312684053,43619418,8609,6060,359
2024,2024-10-27,31756550,344440603,31759536,8956,6009,344
2024,2024-11-03,28548943,372989546,28561493,11304,7439,370
2024,2024-11-10,806061,373795607,1057955,6060,5000,232
2024,2024-11-17,4117890,377913497,4118750,2447,2215,126
2024,2024-11-24,111178,378024675,111183,1551,1362,128
2024,2024-12-01,41114972,419139647,41119219,2974,2785,125
2024,2024-12-08,392130,419531777,392130,2511,2320,131
2024,2024-12-15,1133431,420665208,1133505,2218,2036,106
2024,2024-12-22,563277,421228485,571843,3882,3726,115
2024,2024-12-29,49933,421278418,50056,630,494,101
2024,2025-01-05,127896,421406314,127896,2367,2324,65
