cmte_id,name,cmte_tp,connected_org_nm,cycles,found_by,employer_matched_usd,organization_gifts_usd,top_organizations,registry_transfers_usd,registry_partners,kind,topic,network,company,include,notes
C00928069,DREAM NYC,O,,2026,employer,990000.0,0,,0,,,,,,,
C00826263,HISPANIC LEADERSHIP ALLIANCE,O,,2024,employer,825000.0,0,,0,,,,,,,
C00754069,PAF,V,CRUISE FOR CANCUN,2024,employer,779867.0,0,,0,,,,,,,
C00786830,WELCOMEPAC,W,,2024,employer,683260.0,0,,0,,,,,,,
C00812495,STATE DEMOCRACY DEFENDERS PAC,V,NONE,2024,employer,650000.0,0,,0,,,,,,,
C00633248,314 ACTION FUND,W,314 ACTION VICTORY FUND,2024; 2026,employer,596321.0,0,,0,,,,,,,
C00845271,THE BENCH,W,,2026,employer,511000.0,0,,0,,,,,,,
C00799031,UNITED DEMOCRACY PROJECT ('UDP'),O,,2024; 2026,employer,503955.0,0,,0,,,,,,,
C00418897,VOTEVETS,W,,2026,employer,502040.0,0,,0,,,,,,,
C00728360,MOVEMENT VOTER PAC,V,NONE,2024,employer,460566.0,0,,0,,,,,,,
C00608380,DLCC PAC,V,NONE,2026,employer,376900.0,0,,0,,,,,,,
C00871368,PROJECT 218,O,AMERICAN BRIDGE RESEARCH FUND,2024,employer,374857.0,0,,0,,,,,,,
C00828061,"SFA FUND, INC",V,,2024,employer,300000.0,0,,0,,,,,,,
C00341396,MOVEON.ORG POLITICAL ACTION,W,NONE,2024,employer,282273.0,0,,0,,,,,,,
C00893362,FORWARD PAC INC.,V,NONE,2024,employer,250000.0,0,,0,,,,,,,
C00887679,"BROTHAS, INC.",O,,2024,employer,250000.0,0,,0,,,,,,,
C00905059,"REVEAL TECHNOLOGY, INC. PAC",N,"REVEAL TECHNOLOGY, INC.",2026,name,0.0,0,,0,,,,,,,
C00845628,US FEDERAL BLOCKCHAIN PAC,V,NONE,2024; 2026,name,0.0,0,,0,,,,,,,
C00851873,BLOCKCHAIN FREEDOM PAC,O,,2024; 2026,name,0.0,0,,0,,,,,,,
C00852657,KEEP STARTUPS IN AMERICA,N,,2024; 2026,name,0.0,0,,0,,,,,,,
C00949818,APEX TECHNOLOGY INC. AMERICAN SPACE SECURITY PAC (APEX PAC),N,,2026,name,0.0,0,,0,,,,,,,
C00904425,MAIN STREET CRYPTO PAC,V,NONE,2026,name,0.0,0,,0,,,,,,,
C00864587,NEW SOLUTIONS FOR SILICON VALLEY,O,,2024,name,0.0,0,,0,,,,,,,
C00912204,RAINMAKER TECHNOLOGY CORPORATION PAC,N,RAINMAKER TECHNOLOGY CORPORATION,2026,name,0.0,0,,0,,,,,,,
C00892927,SAALEX CORP POLITICAL ACTION COMMITTEE,N,,2024; 2026,connected,0.0,0,,0,,,,,,,
C00838615,AI SUPER PAC LLC,O,,2024,name,0.0,0,,0,,,,,,,
C00837252,ANTI-CRYPTO ARMY,N,,2024,name,0.0,0,,0,,,,,,,
C00867457,RIPPLE OF HOPE PAC,Q,TAKE BACK THE HOUSE PAC,2024; 2026,connected,0.0,0,,0,,,,,,,
C00958207,OVERLAND AI INC. PAC,N,OVERLAND AI INC.,2026,name,0.0,0,,0,,,,,,,
C00836114,DOING BUSINESS WITH CRYPTO LLC,U,,2024,name,0.0,0,,0,,,,,,,
C00906172,SNAP FINANCE LLC EMPLOYEE PAC,N,SNAP FINANCE LLC,2026,connected,0.0,0,,0,,,,,,,
C00961029,OKX TECHNOLOGY INC. DIGITAL FUTURE PAC (OKX DIGITAL FUTURE PAC),N,OKX TECHNOLOGY INC.,2026,name,0.0,0,,0,,,,,,,
C00833780,CRYPTOCRACY,N,,2024,name,0.0,0,,0,,,,,,,
C00832295,KHAIROCK DIGITAL AI INC SOCIAL COMMITTEE,N,,2024,name,0.0,0,,0,,,,,,,
C00900142,LEO TECH PAC,N,NONE,2026,name,0.0,0,,0,,,,,,,
C00914283,SQUARE DEAL PAC,N,,2026,connected,0.0,0,,0,,,,,,,
C00868505,MADISON SQUARE GARDEN ENTERTAINMENT CORP. PAC (MSG-FEDPAC),N,MADISON SQUARE GARDEN ENTERTAINMENT CORP.,2024; 2026,connected,0.0,0,,0,,,,,,,
C00892109,AMERICA'S SEMICONDUCTOR SUPPLIER AND EQUIPMENT TEAM (ASSET PAC),N,,2026,name,0.0,0,,0,,,,,,,
C00919001,COREWEAVE INC. FEDERAL PAC,N,"COREWEAVE, INC.",2026,connected,0.0,0,,0,,,,,,,
C00930727,"Y COMBINATOR MANAGEMENT, LLC POLITICAL COMMITTEE (LITTLE TECH PAC)",N,"Y COMBINATOR MANAGEMENT, LLC",2026,name,0.0,0,,0,,,,,,,
C00884429,AMERICANS FOR TECH SOVEREIGNTY,V,,2024; 2026,name,0.0,0,,0,,,,,,,
C00884015,AMERICANS FOR 21ST CENTURY TECHNOLOGY,O,,2024,name,0.0,0,,0,,,,,,,
C00931337,TECHNOLOGY LITERACY ALLIANCE POLITICAL ACTION COMMITTEE (TLAPAC),N,,2026,name,0.0,0,,0,,,,,,,
C00882472,CRYPTO / BITCOIN USA SUPER PAC,O,,2024; 2026,name,0.0,0,,0,,,,,,,
C00894055,"CIRCLE INTERNET GROUP, INC. PAC",N,"CIRCLE INTERNET GROUP, INC.",2024; 2026,name,0.0,0,,0,,,,,,,
C00881813,CELESTIAL AI GOOD GOVERNMENT FUND,N,,2024; 2026,name,0.0,0,,0,,,,,,,
C00931816,"SEMICONDUCTOR COMPONENTS INDUSTRIES, LLC (ONSEMI) POLITICAL ACTION COMMITTEE",N,"SEMICONDUCTOR COMPONENTS INDUSTRIES, LLC",2026,name,0.0,0,,0,,,,,,,
C00881250,MAKE BITCOIN GREAT AGAIN,O,,2024; 2026,name,0.0,0,,0,,,,,,,
C00927442,BIGBEAR.AI LLC POLITICAL ACTION COMMITTEE,N,BIGBEAR.AI LLC,2026,name,0.0,0,,0,,,,,,,
C00880518,BITCOIN VOTER PAC,V,NONE,2024; 2026,name,0.0,0,,0,,,,,,,
C00907287,TECHNOLOGY ALLIANCE FOR GREEN ENERGY TRANSITION,N,,2026,name,0.0,0,,0,,,,,,,
C00931840,"CLOUD SOFTWARE GROUP PAC (CLOUD SOFTWARE GROUP HOLDINGS, INC.)",N,"CLOUD SOFTWARE GROUP HOLDINGS, INC.",2026,name,0.0,0,,0,,,,,,,
C00941146,"FORIS DAX, INC. (D/B/A CRYPTO.COM) FEDERAL POLITICAL ACTION COMMITTEE",N,"FORIS DAX, INC. D/B/A CRYPTO.COM",2026,name,0.0,0,,0,,,,,,,
C00941609,VEEAM SOFTWARE POLITICAL ACTION COMMITTEE,N,,2026,name,0.0,0,,0,,,,,,,
C00942318,CCI PAC - CRYPTO COUNCIL FOR INNOVATION INC,N,,2026,name,0.0,0,,0,,,,,,,
C00897595,CAMPAIGN CRYPTO PAC,V,,2026,name,0.0,0,,0,,,,,,,
C00873356,RESPONSIBLE INNOVATION PAC,V,,2024; 2026,name,0.0,0,,0,,,,,,,
C00871582,AMERICANS FOR AI SAFETY,O,,2024,name,0.0,0,,0,,,,,,,
C00945139,PHILADELPHIA INNOVATION & TECHNOLOGY PAC,N,NONE,2026,name,0.0,0,,0,,,,,,,
C00010082,NCTA - THE INTERNET & TELEVISION ASSOCIATION POLITICAL ACTION COMMITTEE (NCTAPAC),Q,,2024; 2026,name,0.0,0,,0,,,,,,,
C00824896,BLOCKCHAIN ASSOCIATION POLITICAL ACTION COMMITTEE (BA PAC),N,,2024; 2026,name,0.0,0,,0,,,,,,,
C00377044,AT&T INC. OHIO EMPLOYEE POLITICAL ACTION COMMITTEE (AT&T OHIO PAC),Q,AT&T INC.,2024; 2026,connected,0.0,0,,0,,,,,,,
C00353284,ASSOCIATION FOR COMPETITIVE TECHNOLOGY POLITICAL ACTION COMMITTEE,N,,2024; 2026,name,0.0,0,,0,,,,,,,
C00355677,BIOTECHNOLOGY INNOVATION ORGANIZATION PAC (BIO PAC),Q,BIOTECHNOLOGY INNOVATION ORGANIZATION,2024; 2026,name,0.0,0,,0,,,,,,,
C00361758,"T-MOBILE US, INC.  POLITICAL ACTION COMMITTEE (T-PAC)",Q,"T-MOBILE US, INC.  POLITICAL ACTION COMMITTEE (T-PAC)",2024; 2026,connected,0.0,0,,0,,,,,,,
C00370023,ANALYTICAL GRAPHICS INC PAC (AGI PAC),Q,,2024,name,0.0,0,,0,,,,,,,
C00380733,MASSACHUSETTS BIOTECHNOLOGY COUNCIL INC. FEDERAL POLITICAL ACTION COMMITTEE,N,,2024; 2026,name,0.0,0,,0,,,,,,,
C00381012,SEMI POLITICAL ALLIANCE OF SEMICONDUCTOR EQUIPMENT & MATERIALS INTERNATIONAL,Q,,2024,name,0.0,0,,0,,,,,,,
C00386128,GENTEX CORPORATION POLITICAL ACTION COMMITTEE; THE,Q,GENTEX CORPORATION POLITICAL ACTION COMMITTEE; THE,2024; 2026,connected,0.0,0,,0,,,,,,,
C00408971,MECHANICAL TECHNOLOGY INC POLITICAL ACTION COMMITTEE,N,,2024,name,0.0,0,,0,,,,,,,
C00410589,CERNER CORPORATION PAC,Q,,2024,connected,0.0,0,,0,,,,,,,
C00416685,"BSA BUSINESS SOFTWARE ALLIANCE, INC. PAC (BSA PAC)",Q,"BSA BUSINESS SOFTWARE ALLIANCE, INC.",2024; 2026,name,0.0,0,,0,,,,,,,
C00419028,SILICON VALLEY DEMOCRATIC CLUB,Q,NONE,2024; 2026,name,0.0,0,,0,,,,,,,
C00439216,ENTERTAINMENT SOFTWARE ASSOCIATION PAC (ESA PAC),Q,ENTERTAINMENT SOFTWARE ASSOCIATION,2024; 2026,name,0.0,0,,0,,,,,,,
C00344945,US APPLE ASSOCIATION POLITICAL ACTION COMMITTEE; AKA USAPPLE PAC,Q,U.S. APPLE ASSOCIATION,2024; 2026,connected,0.0,0,,0,,,,,,,
C00340356,ADVANCED MEDICAL TECHNOLOGY ASSOCIATION POLITICAL ACTION COMMITTEE,Q,ADVANCED MEDICAL TECHNOLOGY ASSOCIATION,2024; 2026,name,0.0,0,,0,,,,,,,
C00446948,"ENGINEERING AND SOFTWARE SYSTEMS SOLUTIONS, INC. PAC",Q,ENGINEERING AND SOFTWARE SYSTEMS SOLUTIONS INC.,2024; 2026,name,0.0,0,,0,,,,,,,
C00186288,"VERIZON COMMUNICATIONS, INC. POLITICAL ACTION COMMITTEE (VERIZON PAC)",Q,,2024; 2026,connected,0.0,0,,0,,,,,,,
C00068692,FEDEX CORPORATION POLITICAL ACTION COMMITTEE,Q,FEDEX CORPORATION,2024; 2026,connected,0.0,0,,0,,,,,,,
C00097568,EMPLOYEES OF RTX CORPORATION POLITICAL ACTION COMMITTEE,Q,RTX CORPORATION,2024; 2026,connected,0.0,0,,0,,,,,,,
C00109017,AT&T INC. EMPLOYEE FEDERAL POLITICAL ACTION COMMITTEE (AT&T EMPLOYEE FEDERAL PAC),Q,AT&T INC.,2024; 2026,connected,0.0,0,,0,,,,,,,
C00118703,GATX CORPORATION GOOD GOVERNMENT PROGRAM,Q,GATX CORPORATION,2024; 2026,connected,0.0,0,,0,,,,,,,
C00130773,NATIONAL MULTIFAMILY HOUSING COUNCIL AND REAL ESTATE TECHNOLOGY AND TRANSFORMATION CENTER POLITICAL ACTION COMMITTEE (NMHC PAC),Q,NATIONAL MULTIFAMILY HOUSING COUNCIL,2026,name,0.0,0,,0,,,,,,,
C00144261,APPRAISAL INSTITUTE PAC (AI PAC),Q,,2024; 2026,name,0.0,0,,0,,,,,,,
C00163832,CSX CORPORATION GOOD GOVERNMENT FUND,Q,CSX CORPORATION,2024; 2026,connected,0.0,0,,0,,,,,,,
C00188177,H&R BLOCK INC. POLITICAL ACTION COMMITTEE (BLOCKPAC),Q,H&R BLOCK INC.,2024; 2026,connected,0.0,0,,0,,,,,,,
C00207258,XEROX CORPORATION POLITICAL ACTION COMMITTEE (XPAC),Q,XEROX CORPORATION,2024; 2026,connected,0.0,0,,0,,,,,,,
C00214809,COUNCIL OF PRODUCERS AND DISTRIBUTORS OF AGROTECHNOLOGY PAC (CPDA-PAC),Q,COUNCIL OF PRODUCERS AND DISTRIBUTORS OF AGROTECHNOLOGY,2024; 2026,name,0.0,0,,0,,,,,,,
C00248716,COMCAST CORPORATION & NBCUNIVERSAL POLITICAL ACTION COMMITTEE - FEDERAL,Q,COMCAST CORPORATION,2024; 2026,connected,0.0,0,,0,,,,,,,
C00253153,"BLOOMIN' BRANDS, INC. POLITICAL ACTION COMMITTEE",Q,"BLOOMIN' BRANDS, INC",2024; 2026,connected,0.0,0,,0,,,,,,,
C00307991,RIPPLE OF HOPE PAC,Q,CICILLINE,2024; 2026,connected,0.0,0,,0,,,,,,,
C00324103,NCR VOYIX CORPORATION POLITICAL ACTION COMMITTEE,Q,,2024,connected,0.0,0,,0,,,,,,,
C00333658,"SILICON VALLEY BANK  A DIVISION OF FIRST CITIZENS BANCSHARES, INC.  POLITICAL ACTION COMMITTEE (AKA SVB PAC)",Q,,2024,name,0.0,0,,0,,,,,,,
C00454660,OKLAHOMA ASSOICATION OF CAREER AND TECHNOLOGY EDUCATION PAC (OKACTE PAC),Q,OKLAHOMA ASSOICATION OF CAREER AND TECHNOLOGY EDUCATION PAC (OKACTE PAC),2024; 2026,name,0.0,0,,0,,,,,,,
C00789115,DIGITAL ASSET PAC,N,,2024,name,0.0,0,,0,,,,,,,
C00764290,BLOOM ENERGY CORPORATION PAC (BE PAC),Q,,2024; 2026,connected,0.0,0,,0,,,,,,,
C00777466,THE INTERNET,V,NONE,2024; 2026,name,0.0,0,,0,,,,,,,
C00779819,AMERICAN BLOCKCHAIN PAC,V,,2024; 2026,name,0.0,0,,0,,,,,,,
C00782532,SHIELD AI POLITICAL ACTION COMMITTEE (SAIPAC),Q,,2024; 2026,name,0.0,0,,0,,,,,,,
C00785741,"TORCH RESEARCH, LLC DBA TORCH.AI POLITICAL ACTION COMMITTEE (TORCH.AI PAC)",N,"TORCH RESEARCH, LLC DBA TORCH.AI POLITICAL ACTION COMMITTEE (TORCH.AI PAC)",2024; 2026,name,0.0,0,,0,,,,,,,
C00786897,"THENEWINTERNETPAC, INC.",O,,2024,name,0.0,0,,0,,,,,,,
C00787085,"CRYPTOPAC, INC.",O,,2024,name,0.0,0,,0,,,,,,,
C00793745,CRYPTO FOR AMERICA,N,,2024,name,0.0,0,,0,,,,,,,
C00033423,"HSBC TECHNOLOGY AND SERVICES USA INC. FEDERAL, STATE, AND LOCAL PAC (HSBC COMBINED PAC)",Q,,2024; 2026,name,0.0,0,,0,,,,,,,
C00802033,THE COMMITTEE FOR INTERNET CHANGE,N,,2024,name,0.0,0,,0,,,,,,,
C00804732,CRYPTO INNOVATION,O,NONE,2024; 2026,name,0.0,0,,0,,,,,,,
C00806729,CRYPTO FOUNDATION OF AMERICA,N,,2024,name,0.0,0,,0,,,,,,,
C00810614,OLIVE AI INC. CIVIC ACTION FUND,N,,2024,name,0.0,0,,0,,,,,,,
C00814145,"WORLD WIDE TECHNOLOGY HOLDING CO., LLC POLITICAL ACTION COMMITTEE (WWT PAC)",N,"WORLD WIDE TECHNOLOGY HOLDING CO., LLC",2024; 2026,name,0.0,0,,0,,,,,,,
C00760843,"MODERN TECHNOLOGY SOLUTIONS, INC. (MTSI) LEADERS FOR ENDURING SOLUTIONS",Q,"MODERN TECHNOLOGY SOLUTIONS, INC. (MTSI)",2026,name,0.0,0,,0,,,,,,,
C00474122,TECHNOLOGY RESEARCH AND INNOVATION PAC,N,NONE,2024; 2026,name,0.0,0,,0,,,,,,,
C00483040,BUSINESS LEADERS FOR THE ADVANCEMENT OF SPACE TECHNOLOGY PAC,N,,2024; 2026,name,0.0,0,,0,,,,,,,
C00485979,COGNIZANT TECHNOLOGY SOLUTIONS CORPORATION POLITICAL ACTION COMMITTEE (COGNIZANT PAC),Q,COGNIZANT TECHNOLOGY SOLUTIONS CORPORATION,2024; 2026,name,0.0,0,,0,,,,,,,
C00495929,"US TRANSPORTATION, ENERGY & TECHNOLOGY ALLIANCE PAC (GO-BY USTETA PAC)",Q,"US TRANSPORTATION, ENERGY & TECHNOLOGY ALLIANCE",2024; 2026,name,0.0,0,,0,,,,,,,
C00498816,DEAN DEMOCRATIC CLUB OF SILICON VALLEY,N,,2024; 2026,name,0.0,0,,0,,,,,,,
C00572990,NATIONAL COALITION FOR ASSISTIVE AND REHAB TECHNOLOGY CRT PAC,O,,2024; 2026,name,0.0,0,,0,,,,,,,
C00586917,VESTAS AMERICAN WIND TECHNOLOGY INC PAC,N,,2024,name,0.0,0,,0,,,,,,,
C00609263,WIRELESS INTERNET SERVICE PROVIDERS ASSOCIATION PAC (WISPA PAC),Q,WIRELESS INTERNET SERVICE PROVIDERS ASSOCIATION,2024; 2026,name,0.0,0,,0,,,,,,,
C00613521,SEMICONDUCTOR INDUSTRY ASSOCIATION PAC (SIA PAC),N,,2024; 2026,name,0.0,0,,0,,,,,,,
C00636027,TECH FOR CAMPAIGNS,V,NONE,2024; 2026,name,0.0,0,,0,,,,,,,
C00681437,HSBC TECHNOLOGY AND SERVICES USA INC. FEDERAL PAC (HSBC FEDERAL PAC),Q,,2024; 2026,name,0.0,0,,0,,,,,,,
C00693002,FOX CORPORATION POLITICAL ACTION COMMITTEE (FOX PAC),Q,,2024; 2026,connected,0.0,0,,0,,,,,,,
C00707356,CRYPTO AND DATA CENTER PAC,O,,2024; 2026,name,0.0,0,,0,,,,,,,
C00711648,BLACK TECH MATTERS,N,,2024; 2026,name,0.0,0,,0,,,,,,,
C90018854,VAPOR TECHNOLOGY ASSOCIATION,I,,2024; 2026,name,0.0,0,,0,,,,,,,
